ID,Mode,Proficiency,L1,Verb,Native_COLL,Native,Textbook,Reliability,Accessibility,Functions,Semantics,Textbook_COLL
AF_TG,S,NNS1,EN,感,Attracted,1.84,53.75,Yes,2,Stimulus,Psych,Attracted
LX_RU,W,NNS1,RU,了解,Attracted,3.19,12.98,Yes,2,Theme,Psych,Attracted
JAN_RU,S,NNS1,RU,好,Repelled,0.02,0.00,Yes,1,Concerned,Attribute,Repelled
AILAN_PK,S,NNS1,Other,好,Repelled,0.02,0.00,Yes,1,Concerned,Attribute,Repelled
AXH_UZ,S,NNS1,TK,好,Repelled,0.02,0.00,Yes,1,Concerned,Attribute,Repelled
LMN_TH,S,NNS1,TH,好,Repelled,0.02,0.00,Yes,1,Concerned,Attribute,Repelled
AIML_KZ,W,NNS1,TK,好,Repelled,0.02,0.00,Yes,1,Concerned,Attribute,Repelled
XY_UZ,W,NNS1,TK,影响,Attracted,1.22,11.12,Yes,2,Concerned,Functional,Attracted
MWH_VE,W,NNS1,ES,有,Attracted,19.49,87.12,Yes,1,Concerned,Functional,Attracted
DAN_PE,W,NNS1,ES,有,Attracted,19.49,87.12,Yes,1,Concerned,Functional,Attracted
LBI_TG,W,NNS1,EN,有,Attracted,19.49,87.12,Yes,1,Concerned,Functional,Attracted
JMJ_KR,S,NNS1,KR,起,Attracted,4.87,3.71,Yes,6,Concerned,Functional,Attracted
XPP_TH,S,NNS1,TH,一样,Repelled,0.21,0.00,Yes,2,Recipient,Manner,Repelled
RYS_VN,W,NNS1,VN,一样,Repelled,0.21,0.00,Yes,2,Recipient,Manner,Repelled
JMJ_KR,S,NNS1,KR,习惯,Repelled,0.22,1.85,Yes,2,Stimulus,Psych,Attracted
ZZX_KR,W,NNS1,KR,习惯,Repelled,0.22,1.85,Yes,2,Stimulus,Psych,Attracted
OLY_RU,W,NNS1,RU,习惯,Repelled,0.22,1.85,Yes,2,Stimulus,Psych,Attracted
OMLI_TH,W,NNS1,TH,习惯,Repelled,0.22,1.85,Yes,2,Stimulus,Psych,Attracted
JAN_RU,S,NNS1,RU,了解,Attracted,3.19,12.98,Yes,2,Theme,Psych,Attracted
JXJ_KR,S,NNS1,KR,了解,Attracted,3.19,12.98,Yes,2,Theme,Psych,Attracted
LT_ES,S,NNS1,ES,了解,Attracted,3.19,12.98,Yes,2,Theme,Psych,Attracted
LX_RU,S,NNS1,RU,了解,Attracted,3.19,12.98,Yes,2,Theme,Psych,Attracted
HA_ES,S,NNS1,ES,了解,Attracted,3.19,12.98,Yes,2,Theme,Psych,Attracted
LZJ_KR,S,NNS1,KR,了解,Attracted,3.19,12.98,Yes,2,Theme,Psych,Attracted
PSB_KR,S,NNS1,KR,了解,Attracted,3.19,12.98,Yes,2,Theme,Psych,Attracted
RFM_VN,S,NNS1,VN,亲切,Attracted,0.08,1.85,Yes,4,Recipient,Manner,Attracted
YJG_RU,S,NNS1,RU,爱,Repelled,0.34,0.00,Yes,2,Stimulus,Psych,Repelled
JDX_KR,W,NNS1,KR,关照,Attracted,0.14,0.00,No,5,Target,Social,Repelled
XSL_CM,S,NNS1,EN,好,Repelled,1.20,5.56,Yes,1,Recipient,Manner,Repelled
EMILIO_MX,S,NNS1,ES,好,Repelled,1.20,5.56,Yes,1,Recipient,Manner,Repelled
HSYI_BI,S,NNS1,Other,好,Repelled,1.20,5.56,Yes,1,Recipient,Manner,Repelled
KK_TR,S,NNS1,TK,好,Repelled,1.20,5.56,Yes,1,Recipient,Manner,Repelled
KK_TR,S,NNS1,TK,好,Repelled,1.20,5.56,Yes,1,Recipient,Manner,Repelled
PSB_KR,S,NNS1,KR,好,Repelled,1.20,5.56,Yes,1,Recipient,Manner,Repelled
DBY_VN,W,NNS1,VN,好,Repelled,1.20,5.56,Yes,1,Recipient,Manner,Repelled
LZLA_CD,W,NNS1,FR,好,Repelled,1.20,5.56,Yes,1,Recipient,Manner,Repelled
KLL_CM,W,NNS1,EN,好,Repelled,1.20,5.56,Yes,1,Recipient,Manner,Repelled
RSHF_VN,W,NNS1,VN,好,Repelled,1.20,5.56,Yes,1,Recipient,Manner,Repelled
DSQC_VN,S,NNS1,VN,感,Attracted,1.84,53.75,Yes,2,Stimulus,Psych,Attracted
JCXU_KR,S,NNS1,KR,感,Attracted,1.84,53.75,Yes,2,Stimulus,Psych,Attracted
KLL_CM,S,NNS1,EN,感,Attracted,1.84,53.75,Yes,2,Stimulus,Psych,Attracted
LINA_CO,S,NNS1,ES,感,Attracted,1.84,53.75,Yes,2,Stimulus,Psych,Attracted
PSX_KR,S,NNS1,KR,感,Attracted,1.84,53.75,Yes,2,Stimulus,Psych,Attracted
ABU_KG,S,NNS1,TK,感,Attracted,1.84,53.75,Yes,2,Stimulus,Psych,Attracted
ALM_TG,S,NNS1,EN,感,Attracted,1.84,53.75,Yes,2,Stimulus,Psych,Attracted
FLS_SY,S,NNS1,AR,感,Attracted,1.84,53.75,Yes,2,Stimulus,Psych,Attracted
WS_CM,S,NNS1,EN,感,Attracted,1.84,53.75,Yes,2,Stimulus,Psych,Attracted
XSE_ES,S,NNS1,ES,感,Attracted,1.84,53.75,Yes,2,Stimulus,Psych,Attracted
ZSZ_KR,S,NNS1,KR,感,Attracted,1.84,53.75,Yes,2,Stimulus,Psych,Attracted
ST_MG,W,NNS1,Other,感,Attracted,1.84,53.75,Yes,2,Stimulus,Psych,Attracted
DSQC_VN,W,NNS1,VN,感,Attracted,1.84,53.75,Yes,2,Stimulus,Psych,Attracted
AHA_YE,W,NNS1,AR,感,Attracted,1.84,53.75,Yes,2,Stimulus,Psych,Attracted
MWH_VE,W,NNS1,ES,有,Attracted,39.77,61.17,Yes,1,Theme,Functional,Attracted
ST_BE,S,NNS1,Other,有,Attracted,4.49,77.85,Yes,1,Stimulus,Functional,Attracted
JWQ_KR,S,NNS1,KR,满意,Attracted,2.71,25.95,Yes,2,Stimulus,Psych,Attracted
GH_VN,W,NNS1,VN,满意,Attracted,2.71,25.95,Yes,2,Stimulus,Psych,Attracted
LMN_TH,W,NNS1,TH,热情,Attracted,0.16,5.56,Yes,2,Recipient,Manner,Attracted
ND_TG,W,NNS1,EN,熟悉,Attracted,1.98,5.56,Yes,3,Theme,Psych,Attracted
YJG_RU,S,NNS1,RU,爱,Repelled,0.34,0.00,Yes,2,Stimulus,Psych,Repelled
LZJ_KR,W,NNS1,KR,给以,Attracted,0.17,1.85,Yes,6,Target,Functional,Attracted
MJS_KH,S,NNS1,Other,说,Attracted,105.53,385.55,No,1,Target,Communication,Attracted
ST_MG,S,NNS1,Other,说,Attracted,105.53,385.55,No,1,Target,Communication,Attracted
ST_MG,S,NNS1,Other,说,Attracted,105.53,385.55,No,1,Target,Communication,Attracted
BAD_YE,S,NNS1,AR,说,Attracted,105.53,385.55,No,1,Target,Communication,Attracted
KL_KZ,S,NNS1,TK,说,Attracted,105.53,385.55,No,1,Target,Communication,Attracted
LMN_TH,S,NNS1,TH,说,Attracted,105.53,385.55,No,1,Target,Communication,Attracted
LMN_TH,S,NNS1,TH,说,Attracted,105.53,385.55,No,1,Target,Communication,Attracted
YJG_RU,S,NNS1,RU,说,Attracted,105.53,385.55,No,1,Target,Communication,Attracted
YJG_RU,S,NNS1,RU,说,Attracted,105.53,385.55,No,1,Target,Communication,Attracted
YJG_RU,S,NNS1,RU,说,Attracted,105.53,385.55,No,1,Target,Communication,Attracted
YJG_RU,S,NNS1,RU,说,Attracted,105.53,385.55,No,1,Target,Communication,Attracted
ST_MG,W,NNS1,Other,说,Attracted,105.53,385.55,No,1,Target,Communication,Attracted
LFD_ID,W,NNS1,Other,说,Attracted,105.53,385.55,No,1,Target,Communication,Attracted
LJL_MG,W,NNS1,Other,说,Attracted,105.53,385.55,No,1,Target,Communication,Attracted
LJL_MG,W,NNS1,Other,说,Attracted,105.53,385.55,No,1,Target,Communication,Attracted
WL_MG,W,NNS1,Other,说,Attracted,105.53,385.55,No,1,Target,Communication,Attracted
KP_RU,W,NNS1,RU,说,Attracted,105.53,385.55,No,1,Target,Communication,Attracted
SHL_TH,W,NNS1,TH,说,Attracted,105.53,385.55,No,1,Target,Communication,Attracted
ZLE_KR,S,NNS1,KR,说明,Attracted,0.75,0.00,No,3,Target,Communication,Repelled
BYL_BR,W,NNS1,PT,行凶,Attracted,0.03,0.00,Yes,3,Target,Physical,Repelled
MLY_RU,S,NNS2,RU,带来,Attracted,1.35,0.00,No,6,Target,Functional,Repelled
MLY_RU,S,NNS2,RU,带来,Attracted,1.35,0.00,No,6,Target,Functional,Repelled
MLY_RU,S,NNS2,RU,带来,Attracted,1.35,0.00,No,6,Target,Functional,Repelled
JXJ_KR,W,NNS2,KR,感谢,Attracted,0.02,0.00,Yes,3,Stimulus,Psych,Repelled
JXJ_KR,W,NNS2,KR,感谢,Attracted,0.02,0.00,Yes,3,Stimulus,Psych,Repelled
TKLS_JP,W,NNS2,JP,感谢,Attracted,0.02,0.00,Yes,3,Stimulus,Psych,Repelled
ZML_TH,W,NNS2,TH,有,Attracted,19.49,87.12,Yes,1,Concerned,Functional,Attracted
LWL_ID,W,NNS2,Other,生气,Attracted,0.17,0.00,Yes,2,Stimulus,Psych,Repelled
NS_ML,W,NNS2,FR,生气,Attracted,0.17,0.00,Yes,2,Stimulus,Psych,Repelled
JXJ_KR,W,NNS2,KR,道歉,Attracted,0.22,0.00,No,3,Target,Communication,Repelled
JDHN_KR,W,NNS2,KR,重要,Repelled,0.72,9.27,Yes,2,Concerned,Attribute,Attracted
YTJ_JP,W,NNS2,JP,感谢,Attracted,0.02,0.00,Yes,3,Stimulus,Psych,Repelled
JDR_KR,W,NNS2,KR,感谢,Attracted,0.02,0.00,Yes,3,Stimulus,Psych,Repelled
ABM_CM,W,NNS2,EN,感谢,Attracted,0.02,0.00,Yes,3,Stimulus,Psych,Repelled
GAXZ_JP,W,NNS2,JP,感谢,Attracted,0.02,0.00,Yes,3,Stimulus,Psych,Repelled
PRL_KR,W,NNS2,KR,是,Attracted,6.62,18.54,Yes,1,Concerned,Functional,Repelled
SHZ_KR,W,NNS2,KR,一无所知,Attracted,0.45,0.00,No,6,Theme,Psych,Repelled
WHY_TH,W,NNS2,TH,一样,Repelled,0.21,0.00,Yes,2,Recipient,Manner,Repelled
CRHI_KR,W,NNS2,KR,一见钟情,Attracted,0.16,0.00,Yes,6,Stimulus,Psych,Repelled
MEL_RU,S,NNS2,RU,上瘾,Attracted,0.07,0.00,Yes,5,Stimulus,Psych,Repelled
HRL_KH,W,NNS2,Other,不利,Attracted,0.79,0.00,Yes,6,Concerned,Attribute,Repelled
WYMU_SD,W,NNS2,AR,不满,Attracted,0.58,0.00,Yes,6,Stimulus,Psych,Repelled
HJ_RU,W,NNS2,RU,不满,Attracted,0.58,0.00,Yes,6,Stimulus,Psych,Repelled
WM_RU,W,NNS2,RU,不满,Attracted,0.58,0.00,Yes,6,Stimulus,Psych,Repelled
LTQ_PE,W,NNS2,ES,严厉,Attracted,0.07,0.00,Yes,5,Recipient,Manner,Repelled
ACYL_JP,W,NNS2,JP,严肃,Repelled,0.03,1.85,Yes,4,Recipient,Manner,Attracted
MLY_RU,S,NNS2,RU,习惯,Repelled,0.22,1.85,Yes,2,Stimulus,Psych,Attracted
ZTT_TH,S,NNS2,TH,习惯,Repelled,0.22,1.85,Yes,2,Stimulus,Psych,Attracted
WLLY_RU,W,NNS2,RU,习惯,Repelled,0.22,1.85,Yes,2,Stimulus,Psych,Attracted
MLY_RU,W,NNS2,RU,习惯,Repelled,0.22,1.85,Yes,2,Stimulus,Psych,Attracted
LTQ_PE,W,NNS2,ES,习惯,Repelled,0.22,1.85,Yes,2,Stimulus,Psych,Attracted
MLY_RU,S,NNS2,RU,了解,Attracted,3.19,12.98,Yes,2,Theme,Psych,Attracted
CSQS_VN,S,NNS2,VN,了解,Attracted,3.19,12.98,Yes,2,Theme,Psych,Attracted
JRR_KR,S,NNS2,KR,了解,Attracted,3.19,12.98,Yes,2,Theme,Psych,Attracted
JSE_KR,S,NNS2,KR,了解,Attracted,3.19,12.98,Yes,2,Theme,Psych,Attracted
LZA_KR,S,NNS2,KR,了解,Attracted,3.19,12.98,Yes,2,Theme,Psych,Attracted
XSM_KR,S,NNS2,KR,了解,Attracted,3.19,12.98,Yes,2,Theme,Psych,Attracted
HBB_NE,S,NNS2,FR,了解,Attracted,3.19,12.98,Yes,2,Theme,Psych,Attracted
JZJ_KR,S,NNS2,KR,了解,Attracted,3.19,12.98,Yes,2,Theme,Psych,Attracted
LAQ_MG,S,NNS2,Other,了解,Attracted,3.19,12.98,Yes,2,Theme,Psych,Attracted
XMJ_FR,S,NNS2,FR,了解,Attracted,3.19,12.98,Yes,2,Theme,Psych,Attracted
JZLI_KR,W,NNS2,KR,了解,Attracted,3.19,12.98,Yes,2,Theme,Psych,Attracted
LDYI_KR,W,NNS2,KR,满意,Attracted,2.71,25.95,Yes,2,Stimulus,Psych,Attracted
LDYI_KR,W,NNS2,KR,了解,Attracted,3.19,12.98,Yes,2,Theme,Psych,Attracted
ZLE_KR,W,NNS2,KR,了解,Attracted,3.19,12.98,Yes,2,Theme,Psych,Attracted
AHR_KR,W,NNS2,KR,了解,Attracted,3.19,12.98,Yes,2,Theme,Psych,Attracted
JNU_GN,W,NNS2,EN,了解,Attracted,3.19,12.98,Yes,2,Theme,Psych,Attracted
RFM_VN,W,NNS2,VN,了解,Attracted,3.19,12.98,Yes,2,Theme,Psych,Attracted
CAMLG_TH,W,NNS2,TH,了解,Attracted,3.19,12.98,Yes,2,Theme,Psych,Attracted
CAMLG_TH,W,NNS2,TH,了解,Attracted,3.19,12.98,Yes,2,Theme,Psych,Attracted
JDYI_KR,S,NNS2,KR,产生,Attracted,9.09,20.39,Yes,4,Stimulus,Psych,Attracted
LZSA_KR,W,NNS2,KR,产生,Attracted,9.09,20.39,Yes,4,Stimulus,Psych,Attracted
MTY_RU,W,NNS2,RU,产生,Attracted,9.09,20.39,Yes,4,Stimulus,Psych,Attracted
ZTT_TH,W,NNS2,TH,产生,Attracted,9.09,20.39,Yes,4,Stimulus,Psych,Attracted
SMER_KZ,W,NNS2,TK,产生,Attracted,9.09,20.39,Yes,4,Stimulus,Psych,Attracted
CAMLG_TH,W,NNS2,TH,产生,Attracted,9.09,20.39,Yes,4,Stimulus,Psych,Attracted
JRY_KR,W,NNS2,KR,说,Attracted,105.53,385.55,No,4,Target,Communication,Attracted
JHXU_KR,W,NNS2,KR,亲切,Attracted,0.08,1.85,Yes,4,Recipient,Manner,Attracted
CAMLG_TH,W,NNS2,TH,体贴,Attracted,0.30,1.85,Yes,4,Recipient,Manner,Attracted
LQQ_TH,W,NNS2,TH,做,Attracted,5.41,3.71,Yes,1,Target,Functional,Repelled
WYMU_SD,S,NNS2,AR,公平,Attracted,0.21,1.85,Yes,4,Concerned,Attribute,Attracted
LDYI_KR,W,NNS2,KR,关心,Attracted,1.73,18.54,Yes,2,Recipient,Manner,Attracted
ZZLI_KR,W,NNS2,KR,关心,Attracted,1.73,18.54,Yes,2,Recipient,Manner,Attracted
ZZLI_KR,W,NNS2,KR,关心,Attracted,1.73,18.54,Yes,2,Recipient,Manner,Attracted
YR_ES,W,NNS2,ES,关心,Attracted,1.73,18.54,Yes,2,Recipient,Manner,Attracted
CAMLG_TH,S,NNS2,TH,冷漠,Attracted,0.06,0.00,Yes,6,Recipient,Manner,Repelled
GQQG_JP,W,NNS2,JP,减免,Attracted,0.06,0.00,Yes,6,Scope,Social,Repelled
ZSYI_TH,W,NNS2,TH,友善,Attracted,0.06,0.00,Yes,6,Recipient,Manner,Repelled
AMIN_YE,W,NNS2,AR,友好,Repelled,0.07,1.85,Yes,3,Recipient,Manner,Attracted
CHL_TH,W,NNS2,TH,友好,Repelled,0.07,1.85,Yes,3,Recipient,Manner,Attracted
NLSA_KG,W,NNS2,TK,友爱,Attracted,0.04,0.00,Yes,6,Recipient,Manner,Repelled
PZP_KR,W,NNS2,KR,发,Attracted,0.69,0.00,Yes,2,Target,Functional,Repelled
CLY_KR,W,NNS2,KR,变,Repelled,0.04,0.00,No,2,Scope,Functional,Repelled
ZLO_RU,W,NNS2,RU,吃惊,Attracted,0.06,0.00,Yes,3,Stimulus,Psych,Repelled
MHMAD_TJ,S,NNS2,Other,合适,Repelled,0.08,0.00,No,3,Concerned,Attribute,Repelled
JXZ_KR,S,NNS2,KR,合适,Repelled,0.08,0.00,No,3,Concerned,Attribute,Repelled
JA_KR,W,NNS2,KR,合适,Repelled,0.08,0.00,No,3,Concerned,Attribute,Repelled
JA_KR,W,NNS2,KR,合适,Repelled,0.08,0.00,No,3,Concerned,Attribute,Repelled
JA_KR,W,NNS2,KR,合适,Repelled,0.08,0.00,No,3,Concerned,Attribute,Repelled
SZYI_KR,W,NNS2,KR,和善,Attracted,0.02,0.00,Yes,6,Recipient,Manner,Repelled
JHXU_KR,W,NNS2,KR,和蔼,Attracted,0.02,0.00,Yes,5,Recipient,Manner,Repelled
WDLY_RU,W,NNS2,RU,喜爱,Attracted,0.16,0.00,No,6,Stimulus,Psych,Repelled
JXH_KR,S,NNS2,KR,失去,Attracted,1.50,3.71,Yes,4,Stimulus,Functional,Attracted
JZYA_KR,S,NNS2,KR,好,Repelled,1.20,5.56,Yes,1,Recipient,Manner,Repelled
OMLI_TH,S,NNS2,TH,好,Repelled,1.20,5.56,Yes,1,Recipient,Manner,Repelled
BALID_GN,S,NNS2,EN,好,Repelled,1.20,5.56,Yes,1,Recipient,Manner,Repelled
SWJ_KZ,S,NNS2,TK,好,Repelled,1.20,5.56,Yes,1,Recipient,Manner,Repelled
JHXI_KR,S,NNS2,KR,好,Repelled,1.20,5.56,Yes,1,Recipient,Manner,Repelled
NS_ML,S,NNS2,FR,好,Repelled,1.20,5.56,Yes,1,Recipient,Manner,Repelled
OMLI_TH,S,NNS2,TH,好,Repelled,0.02,0.00,Yes,1,Concerned,Attribute,Repelled
ALFD_GN,S,NNS2,EN,好,Repelled,0.02,0.00,Yes,1,Concerned,Attribute,Repelled
ALFD_GN,S,NNS2,EN,好,Repelled,1.20,5.56,Yes,1,Recipient,Manner,Repelled
ALFD_GN,S,NNS2,EN,好,Repelled,1.20,5.56,Yes,1,Recipient,Manner,Repelled
LMHA_TH+I_,S,NNS2,TH,好,Repelled,0.02,0.00,Yes,1,Concerned,Attribute,Repelled
FLS_GQ,S,NNS2,ES,好,Repelled,0.02,0.00,Yes,1,Concerned,Attribute,Repelled
HLY_TH,S,NNS2,TH,好,Repelled,0.02,0.00,Yes,1,Concerned,Attribute,Repelled
JTN_GQ,S,NNS2,ES,好,Repelled,0.02,0.00,Yes,1,Concerned,Attribute,Repelled
LLX_KR,S,NNS2,KR,好,Repelled,0.02,0.00,Yes,1,Concerned,Attribute,Repelled
LZA_KR,S,NNS2,KR,好,Repelled,1.20,5.56,Yes,1,Recipient,Manner,Repelled
QJZU_KR,S,NNS2,KR,好,Repelled,0.02,0.00,Yes,1,Concerned,Attribute,Repelled
QXX_KR,S,NNS2,KR,好,Repelled,0.02,0.00,Yes,1,Concerned,Attribute,Repelled
ADH_RU,S,NNS2,RU,满意,Attracted,2.71,25.95,Yes,2,Stimulus,Psych,Attracted
AGL_BF,S,NNS2,FR,好,Repelled,1.20,5.56,Yes,1,Recipient,Manner,Repelled
AGL_BF,S,NNS2,FR,好,Repelled,1.20,5.56,Yes,1,Recipient,Manner,Repelled
AGL_BF,S,NNS2,FR,好,Repelled,1.20,5.56,Yes,1,Recipient,Manner,Repelled
BTLK_TG,S,NNS2,EN,好,Repelled,1.20,5.56,Yes,1,Recipient,Manner,Repelled
BTLK_TG,S,NNS2,EN,好,Repelled,1.20,5.56,Yes,1,Recipient,Manner,Repelled
LMA_PT,S,NNS2,PT,好,Repelled,1.20,5.56,Yes,1,Recipient,Manner,Repelled
MENG_TH,S,NNS2,TH,好,Repelled,1.20,5.56,Yes,1,Recipient,Manner,Repelled
MW_RU,S,NNS2,RU,好,Repelled,1.20,5.56,Yes,1,Recipient,Manner,Repelled
MW_RU,S,NNS2,RU,好,Repelled,1.20,5.56,Yes,1,Recipient,Manner,Repelled
CAMLG_TH,S,NNS2,TH,好,Repelled,1.20,5.56,Yes,1,Recipient,Manner,Repelled
CAMLG_TH,S,NNS2,TH,好,Repelled,1.20,5.56,Yes,1,Recipient,Manner,Repelled
JA_KR,S,NNS2,KR,好,Repelled,0.02,0.00,Yes,1,Concerned,Attribute,Repelled
JZE_KR,S,NNS2,KR,好,Repelled,0.02,0.00,Yes,1,Concerned,Attribute,Repelled
JZE_KR,S,NNS2,KR,好,Repelled,0.02,0.00,Yes,1,Concerned,Attribute,Repelled
JZE_KR,S,NNS2,KR,好,Repelled,0.02,0.00,Yes,1,Concerned,Attribute,Repelled
LCL_KR,S,NNS2,KR,好,Repelled,1.20,5.56,Yes,1,Recipient,Manner,Repelled
MLY_RU,S,NNS2,RU,好,Repelled,0.02,0.00,Yes,1,Concerned,Attribute,Repelled
MLY_RU,S,NNS2,RU,好,Repelled,0.02,0.00,Yes,1,Concerned,Attribute,Repelled
MLY_RU,S,NNS2,RU,好,Repelled,0.02,0.00,Yes,1,Concerned,Attribute,Repelled
ZLYE_RU,S,NNS2,RU,好,Repelled,0.02,0.00,Yes,1,Concerned,Attribute,Repelled
DCYY_JP,S,NNS2,JP,好,Repelled,0.02,0.00,Yes,1,Concerned,Attribute,Repelled
LC_TH,S,NNS2,TH,好,Repelled,0.02,0.00,Yes,1,Concerned,Attribute,Repelled
LC_TH,S,NNS2,TH,好,Repelled,0.02,0.00,Yes,1,Concerned,Attribute,Repelled
LIF_RU,S,NNS2,RU,好,Repelled,0.02,0.00,Yes,1,Concerned,Attribute,Repelled
MWH_VE,S,NNS2,ES,好,Repelled,0.02,0.00,Yes,1,Concerned,Attribute,Repelled
QFS_KR,S,NNS2,KR,好,Repelled,0.02,0.00,Yes,1,Concerned,Attribute,Repelled
QFS_KR,S,NNS2,KR,好,Repelled,0.02,0.00,Yes,1,Concerned,Attribute,Repelled
WGZE_VN,S,NNS2,VN,好,Repelled,0.02,0.00,Yes,1,Concerned,Attribute,Repelled
WYMU_SD,S,NNS2,AR,好,Repelled,0.02,0.00,Yes,1,Concerned,Attribute,Repelled
SXD_KR,W,NNS2,KR,好,Repelled,0.02,0.00,Yes,1,Concerned,Attribute,Repelled
SXD_KR,W,NNS2,KR,好,Repelled,0.02,0.00,Yes,1,Concerned,Attribute,Repelled
CXYA_KR,W,NNS2,KR,好,Repelled,0.02,0.00,Yes,1,Concerned,Attribute,Repelled
CXYA_KR,W,NNS2,KR,好,Repelled,0.02,0.00,Yes,1,Concerned,Attribute,Repelled
JXJ_KR,W,NNS2,KR,好,Repelled,0.02,0.00,Yes,1,Concerned,Attribute,Repelled
JXJ_KR,W,NNS2,KR,好,Repelled,0.02,0.00,Yes,1,Concerned,Attribute,Repelled
MX_CS,W,NNS2,Other,好,Repelled,0.02,0.00,Yes,1,Concerned,Attribute,Repelled
MX_CS,W,NNS2,Other,好,Repelled,0.02,0.00,Yes,1,Concerned,Attribute,Repelled
YZX_KR,W,NNS2,KR,好,Repelled,0.02,0.00,Yes,1,Concerned,Attribute,Repelled
PZY_KR,W,NNS2,KR,好,Repelled,1.20,5.56,Yes,1,Recipient,Manner,Repelled
CLY_KR,W,NNS2,KR,好,Repelled,0.02,0.00,Yes,1,Concerned,Attribute,Repelled
ZJJ_KR,W,NNS2,KR,好,Repelled,0.02,0.00,Yes,1,Concerned,Attribute,Repelled
ZSM_KR,W,NNS2,KR,好,Repelled,1.20,5.56,Yes,1,Recipient,Manner,Repelled
NE_KZ,W,NNS2,TK,好,Repelled,0.02,0.00,Yes,1,Concerned,Attribute,Repelled
ZSM_KR,W,NNS2,KR,好,Repelled,0.02,0.00,Yes,1,Concerned,Attribute,Repelled
CQM_TH,W,NNS2,TH,好,Repelled,1.20,5.56,Yes,1,Recipient,Manner,Repelled
JRY_KR,W,NNS2,KR,好,Repelled,0.02,0.00,Yes,1,Concerned,Attribute,Repelled
OMLI_TH,W,NNS2,TH,好,Repelled,1.20,5.56,Yes,1,Recipient,Manner,Repelled
OMLI_TH,W,NNS2,TH,好,Repelled,0.02,0.00,Yes,1,Concerned,Attribute,Repelled
BJM_AO,W,NNS2,PT,好,Repelled,0.02,0.00,Yes,1,Concerned,Attribute,Repelled
WJS_MU,W,NNS2,Other,好,Repelled,0.02,0.00,Yes,1,Concerned,Attribute,Repelled
KYC_RU,W,NNS2,RU,好,Repelled,0.02,0.00,Yes,1,Concerned,Attribute,Repelled
LLS_TH,W,NNS2,TH,好,Repelled,1.20,5.56,Yes,1,Recipient,Manner,Repelled
HLH_TH,W,NNS2,TH,好,Repelled,1.20,5.56,Yes,1,Recipient,Manner,Repelled
YYQH_JP,W,NNS2,JP,好,Repelled,1.20,5.56,Yes,1,Recipient,Manner,Repelled
GB_MX,W,NNS2,ES,好,Repelled,1.20,5.56,Yes,1,Recipient,Manner,Repelled
GB_MX,W,NNS2,ES,好,Repelled,1.20,5.56,Yes,1,Recipient,Manner,Repelled
GB_MX,W,NNS2,ES,好,Repelled,1.20,5.56,Yes,1,Recipient,Manner,Repelled
MELI_KG,W,NNS2,TK,好,Repelled,1.20,5.56,Yes,1,Recipient,Manner,Repelled
LWC_TH,W,NNS2,TH,好,Repelled,1.20,5.56,Yes,1,Recipient,Manner,Repelled
MHMAD_TJ,W,NNS2,Other,好,Repelled,1.20,5.56,Yes,1,Recipient,Manner,Repelled
JA_KR,W,NNS2,KR,好,Repelled,0.02,0.00,Yes,1,Concerned,Attribute,Repelled
MLY_RU,W,NNS2,RU,好,Repelled,0.02,0.00,Yes,1,Concerned,Attribute,Repelled
LIF_RU,W,NNS2,RU,好,Repelled,1.20,5.56,Yes,1,Recipient,Manner,Repelled
SSXI_KR,W,NNS2,KR,好,Repelled,1.20,5.56,Yes,1,Recipient,Manner,Repelled
CAMLG_TH,W,NNS2,TH,好,Repelled,1.20,5.56,Yes,1,Recipient,Manner,Repelled
HPL_TH,W,NNS2,TH,好,Repelled,1.20,5.56,Yes,1,Recipient,Manner,Repelled
HPL_TH,W,NNS2,TH,好,Repelled,1.20,5.56,Yes,1,Recipient,Manner,Repelled
LWC_TH,W,NNS2,TH,好,Repelled,1.20,5.56,Yes,1,Recipient,Manner,Repelled
LWC_TH,W,NNS2,TH,好,Repelled,1.20,5.56,Yes,1,Recipient,Manner,Repelled
MLIK_TJ,W,NNS2,Other,好,Repelled,1.20,5.56,Yes,1,Recipient,Manner,Repelled
PZY_KR,W,NNS2,KR,好,Repelled,1.20,5.56,Yes,1,Recipient,Manner,Repelled
LZLA_CD,W,NNS2,FR,好,Repelled,1.20,5.56,Yes,1,Recipient,Manner,Repelled
CAMLG_TH,W,NNS2,TH,好,Repelled,1.20,5.56,Yes,1,Recipient,Manner,Repelled
LMA_PT,W,NNS2,PT,好,Repelled,1.20,5.56,Yes,1,Recipient,Manner,Repelled
CAMLG_TH,W,NNS2,TH,好,Repelled,1.20,5.56,Yes,1,Recipient,Manner,Repelled
ZSYI_TH,W,NNS2,TH,好,Repelled,1.20,5.56,Yes,1,Recipient,Manner,Repelled
LWC_TH,W,NNS2,TH,好,Repelled,1.20,5.56,Yes,1,Recipient,Manner,Repelled
DNY_RU,W,NNS2,RU,好,Repelled,1.20,5.56,Yes,1,Recipient,Manner,Repelled
LWL_ID,W,NNS2,Other,好,Repelled,0.02,0.00,Yes,1,Concerned,Attribute,Repelled
JZUE_KR,W,NNS2,KR,好,Repelled,0.02,0.00,Yes,1,Concerned,Attribute,Repelled
JZUE_KR,W,NNS2,KR,好,Repelled,0.02,0.00,Yes,1,Concerned,Attribute,Repelled
JZUE_KR,W,NNS2,KR,好,Repelled,0.02,0.00,Yes,1,Concerned,Attribute,Repelled
JZUE_KR,W,NNS2,KR,好,Repelled,0.02,0.00,Yes,1,Concerned,Attribute,Repelled
JZUE_KR,W,NNS2,KR,好,Repelled,0.02,0.00,Yes,1,Concerned,Attribute,Repelled
JZUE_KR,W,NNS2,KR,好,Repelled,0.02,0.00,Yes,1,Concerned,Attribute,Repelled
DCYY_JP,W,NNS2,JP,好,Repelled,0.02,0.00,Yes,1,Concerned,Attribute,Repelled
BALID_GN,W,NNS2,EN,好,Repelled,0.02,0.00,Yes,1,Concerned,Attribute,Repelled
LYZI_KR,W,NNS2,KR,好,Repelled,0.02,0.00,Yes,1,Concerned,Attribute,Repelled
QBYZ_JP,W,NNS2,JP,好,Repelled,0.02,0.00,Yes,1,Concerned,Attribute,Repelled
QBYZ_JP,W,NNS2,JP,好,Repelled,0.02,0.00,Yes,1,Concerned,Attribute,Repelled
MWH_VE,W,NNS2,ES,好,Repelled,1.20,5.56,Yes,1,Recipient,Manner,Repelled
ABL_UZ,W,NNS2,TK,好,Repelled,1.20,5.56,Yes,1,Recipient,Manner,Repelled
ABL_UZ,W,NNS2,TK,好,Repelled,0.02,0.00,Yes,1,Concerned,Attribute,Repelled
BALID_GN,W,NNS2,EN,好,Repelled,0.02,0.00,Yes,1,Concerned,Attribute,Repelled
LZYA_KR,W,NNS2,KR,好,Repelled,0.02,0.00,Yes,1,Concerned,Attribute,Repelled
HPL_TH,W,NNS2,TH,好,Repelled,1.20,5.56,Yes,1,Recipient,Manner,Repelled
BYL_BR,W,NNS2,PT,好,Repelled,0.02,0.00,Yes,1,Concerned,Attribute,Repelled
AYN_RU,W,NNS2,RU,好奇,Attracted,0.15,"1.854	",Yes,4,Stimulus,Psych,Attracted
JZXIU_KR,W,NNS2,KR,好奇,Attracted,0.15,"1.854	",Yes,4,Stimulus,Psych,Attracted
LZYA_KR,W,NNS2,KR,好奇,Attracted,0.15,"1.854	",Yes,4,Stimulus,Psych,Attracted
MRN_BR,W,NNS2,PT,好奇,Attracted,0.15,"1.854	",Yes,4,Stimulus,Psych,Attracted
SSXI_KR,W,NNS2,KR,好奇,Attracted,0.15,"1.854	",Yes,4,Stimulus,Psych,Attracted
WDLY_RU,W,NNS2,RU,好奇,Attracted,0.15,"1.854	",Yes,4,Stimulus,Psych,Attracted
YIL_BR,W,NNS2,PT,好奇,Attracted,0.15,"1.854	",Yes,4,Stimulus,Psych,Attracted
YLSB_PE,W,NNS2,ES,好奇,Attracted,0.15,"1.854	",Yes,4,Stimulus,Psych,Attracted
ZHH_TH,W,NNS2,TH,好奇,Attracted,0.15,"1.854	",Yes,4,Stimulus,Psych,Attracted
ZYY_VE,W,NNS2,ES,好奇,Attracted,0.15,"1.854	",Yes,4,Stimulus,Psych,Attracted
BALID_GN,W,NNS2,EN,好奇,Attracted,0.15,"1.854	",Yes,4,Stimulus,Psych,Attracted
LBK_VE,W,NNS2,ES,好奇,Attracted,0.15,"1.854	",Yes,4,Stimulus,Psych,Attracted
LMN_TH,W,NNS2,TH,好奇,Attracted,0.15,"1.854	",Yes,4,Stimulus,Psych,Attracted
LTQ_PE,W,NNS2,ES,好奇,Attracted,0.15,"1.854	",Yes,4,Stimulus,Psych,Attracted
SMER_KZ,W,NNS2,TK,好奇,Attracted,0.15,"1.854	",Yes,4,Stimulus,Psych,Attracted
XCYH_JP,W,NNS2,JP,好奇,Attracted,0.15,"1.854	",Yes,4,Stimulus,Psych,Attracted
ZYG_VE,W,NNS2,ES,好奇,Attracted,0.15,"1.854	",Yes,4,Stimulus,Psych,Attracted
LBK_VE,W,NNS2,ES,好奇,Attracted,0.15,"1.854	",Yes,4,Stimulus,Psych,Attracted
BYL_BR,W,NNS2,PT,实行,Attracted,5.76,0.00,Yes,5,Scope,Functional,Repelled
CAMLG_TH,W,NNS2,TH,尊重,Attracted,0.78,1.85,Yes,3,Recipient,Manner,Repelled
YLC_TH,W,NNS2,TH,开玩笑,Attracted,0.40,0.00,No,3,Target,Communication,Repelled
CYD_TH,W,NNS2,TH,开玩笑,Attracted,0.40,0.00,No,3,Target,Communication,Repelled
ZCYT_JP,W,NNS2,JP,影响,Attracted,1.22,11.12,Yes,2,Concerned,Functional,Attracted
CRHI_KR,W,NNS2,KR,影响,Attracted,1.22,11.12,Yes,2,Concerned,Functional,Attracted
AMI_GN,W,NNS2,EN,微笑,Attracted,1.66,5.56,No,4,Target,Physical,Attracted
JZP_CN,W,NNS2,Other,微笑,Attracted,1.66,5.56,No,4,Target,Physical,Attracted
HSE_PK,W,NNS2,Other,微笑,Attracted,1.66,5.56,No,4,Target,Physical,Attracted
CSQS_VN,S,NNS2,VN,好,Repelled,1.20,5.56,Yes,1,Recipient,Manner,Repelled
JTN_GQ,S,NNS2,ES,好,Repelled,1.20,5.56,Yes,1,Recipient,Manner,Repelled
LCL_KR,S,NNS2,KR,好,Repelled,1.20,5.56,Yes,1,Recipient,Manner,Repelled
LBK_VE,S,NNS2,ES,好,Repelled,1.20,5.56,Yes,1,Recipient,Manner,Repelled
LMA_PT,S,NNS2,PT,好,Repelled,1.20,5.56,Yes,1,Recipient,Manner,Repelled
XJ_RU,S,NNS2,RU,好,Repelled,1.20,5.56,Yes,1,Recipient,Manner,Repelled
XMJ_FR,S,NNS2,FR,好,Repelled,1.20,5.56,Yes,1,Recipient,Manner,Repelled
HYH_KR,W,NNS2,KR,怨愤,Repelled,0.00,0.00,Yes,6,Stimulus,Psych,Repelled
CJR_TH,S,NNS2,TH,感,Attracted,1.84,53.75,Yes,2,Stimulus,Psych,Attracted
HAS_CU,S,NNS2,ES,感,Attracted,1.84,53.75,Yes,2,Stimulus,Psych,Attracted
WUYM_CR,S,NNS2,ES,感,Attracted,1.84,53.75,Yes,2,Stimulus,Psych,Attracted
DYSR_JP,S,NNS2,JP,感,Attracted,1.84,53.75,Yes,2,Stimulus,Psych,Attracted
WDLY_RU,S,NNS2,RU,感,Attracted,1.84,53.75,Yes,2,Stimulus,Psych,Attracted
YYQ_CH,S,NNS2,Other,感,Attracted,1.84,53.75,Yes,2,Stimulus,Psych,Attracted
AHL_PE,S,NNS2,ES,感,Attracted,1.84,53.75,Yes,2,Stimulus,Psych,Attracted
WYMU_SD,S,NNS2,AR,感,Attracted,1.84,53.75,Yes,2,Stimulus,Psych,Attracted
JXZ_KR,S,NNS2,KR,感,Attracted,1.84,53.75,Yes,2,Stimulus,Psych,Attracted
JHXU_KR,W,NNS2,KR,感,Attracted,1.84,53.75,Yes,2,Stimulus,Psych,Attracted
WYS_TH,W,NNS2,TH,感,Attracted,1.84,53.75,Yes,2,Stimulus,Psych,Attracted
WYS_TH,W,NNS2,TH,感,Attracted,1.84,53.75,Yes,2,Stimulus,Psych,Attracted
YSLI_PE,W,NNS2,ES,感,Attracted,1.84,53.75,Yes,2,Stimulus,Psych,Attracted
ZSZ_KR,W,NNS2,KR,感,Attracted,1.84,53.75,Yes,2,Stimulus,Psych,Attracted
ZTT_TH,W,NNS2,TH,感,Attracted,1.84,53.75,Yes,2,Stimulus,Psych,Attracted
BAOLUO_CL,W,NNS2,ES,感,Attracted,1.84,53.75,Yes,2,Stimulus,Psych,Attracted
HNN_PE,W,NNS2,ES,感,Attracted,1.84,53.75,Yes,2,Stimulus,Psych,Attracted
JHXI_KR,W,NNS2,KR,感,Attracted,1.84,53.75,Yes,2,Stimulus,Psych,Attracted
GQQG_JP,W,NNS2,JP,感,Attracted,1.84,53.75,Yes,2,Stimulus,Psych,Attracted
JAL_KR,W,NNS2,KR,感,Attracted,1.84,53.75,Yes,2,Stimulus,Psych,Attracted
YLSB_PE,W,NNS2,ES,感,Attracted,1.84,53.75,Yes,2,Stimulus,Psych,Attracted
AHL_PE,W,NNS2,ES,感,Attracted,1.84,53.75,Yes,2,Stimulus,Psych,Attracted
HPL_TH,W,NNS2,TH,感,Attracted,1.84,53.75,Yes,2,Stimulus,Psych,Attracted
JZIE_KR,W,NNS2,KR,感,Attracted,1.84,53.75,Yes,2,Stimulus,Psych,Attracted
PL_KR,W,NNS2,KR,感,Attracted,1.84,53.75,Yes,2,Stimulus,Psych,Attracted
ZXLI_TH,W,NNS2,TH,感,Attracted,1.84,53.75,Yes,2,Stimulus,Psych,Attracted
WJL_VE,W,NNS2,ES,感,Attracted,1.84,53.75,Yes,2,Stimulus,Psych,Attracted
YESE_KZ,W,NNS2,TK,感,Attracted,1.84,53.75,Yes,2,Stimulus,Psych,Attracted
WAL_EE,W,NNS2,Other,感,Attracted,1.84,53.75,Yes,2,Stimulus,Psych,Attracted
WDLY_RU,W,NNS2,RU,感,Attracted,1.84,53.75,Yes,2,Stimulus,Psych,Attracted
GBQ_TH,W,NNS2,TH,感,Attracted,1.84,53.75,Yes,2,Stimulus,Psych,Attracted
QY_TH,W,NNS2,TH,感,Attracted,1.84,53.75,Yes,2,Stimulus,Psych,Attracted
WDLY_RU,W,NNS2,RU,感,Attracted,1.84,53.75,Yes,2,Stimulus,Psych,Attracted
SSXI_KR,W,NNS2,KR,感,Attracted,1.84,53.75,Yes,2,Stimulus,Psych,Attracted
SSXI_KR,W,NNS2,KR,感,Attracted,1.84,53.75,Yes,2,Stimulus,Psych,Attracted
BBXL_JP,W,NNS2,JP,感,Attracted,1.84,53.75,Yes,2,Stimulus,Psych,Attracted
BBXL_JP,W,NNS2,JP,感,Attracted,1.84,53.75,Yes,2,Stimulus,Psych,Attracted
BBXL_JP,W,NNS2,JP,感,Attracted,1.84,53.75,Yes,2,Stimulus,Psych,Attracted
FSFQ_VN,W,NNS2,VN,感,Attracted,1.84,53.75,Yes,2,Stimulus,Psych,Attracted
JZIE_KR,W,NNS2,KR,感,Attracted,1.84,53.75,Yes,2,Stimulus,Psych,Attracted
JZXIU_KR,W,NNS2,KR,感,Attracted,1.84,53.75,Yes,2,Stimulus,Psych,Attracted
LHYI_VN,W,NNS2,VN,感,Attracted,1.84,53.75,Yes,2,Stimulus,Psych,Attracted
LZYA_KR,W,NNS2,KR,感,Attracted,1.84,53.75,Yes,2,Stimulus,Psych,Attracted
PQY_KR,W,NNS2,KR,感,Attracted,1.84,53.75,Yes,2,Stimulus,Psych,Attracted
QFM_KR,W,NNS2,KR,感,Attracted,1.84,53.75,Yes,2,Stimulus,Psych,Attracted
WUYM_CR,W,NNS2,ES,感,Attracted,1.84,53.75,Yes,2,Stimulus,Psych,Attracted
YIL_BR,W,NNS2,PT,感,Attracted,1.84,53.75,Yes,2,Stimulus,Psych,Attracted
ZHH_TH,W,NNS2,TH,感,Attracted,1.84,53.75,Yes,2,Stimulus,Psych,Attracted
ZYY_VE,W,NNS2,ES,感,Attracted,1.84,53.75,Yes,2,Stimulus,Psych,Attracted
BALID_GN,W,NNS2,EN,感,Attracted,1.84,53.75,Yes,2,Stimulus,Psych,Attracted
EI_RU,W,NNS2,RU,感,Attracted,1.84,53.75,Yes,2,Stimulus,Psych,Attracted
LBK_VE,W,NNS2,ES,感,Attracted,1.84,53.75,Yes,2,Stimulus,Psych,Attracted
LTQ_PE,W,NNS2,ES,感,Attracted,1.84,53.75,Yes,2,Stimulus,Psych,Attracted
SMER_KZ,W,NNS2,TK,感,Attracted,1.84,53.75,Yes,2,Stimulus,Psych,Attracted
XCYH_JP,W,NNS2,JP,感,Attracted,1.84,53.75,Yes,2,Stimulus,Psych,Attracted
JJL_KR,W,NNS2,KR,感,Attracted,1.84,53.75,Yes,2,Stimulus,Psych,Attracted
JJL_KR,W,NNS2,KR,感,Attracted,1.84,53.75,Yes,2,Stimulus,Psych,Attracted
PZY_KR,W,NNS2,KR,感,Attracted,1.84,53.75,Yes,2,Stimulus,Psych,Attracted
HDY_KR,W,NNS2,KR,感,Attracted,1.84,53.75,Yes,2,Stimulus,Psych,Attracted
JZXIU_KR,W,NNS2,KR,感,Attracted,1.84,53.75,Yes,2,Stimulus,Psych,Attracted
QBYZ_JP,W,NNS2,JP,感,Attracted,1.84,53.75,Yes,2,Stimulus,Psych,Attracted
CJR_TH,W,NNS2,TH,感,Attracted,1.84,53.75,Yes,2,Stimulus,Psych,Attracted
LBK_VE,W,NNS2,ES,感,Attracted,1.84,53.75,Yes,2,Stimulus,Psych,Attracted
WDLY_RU,W,NNS2,RU,感,Attracted,1.84,53.75,Yes,2,Stimulus,Psych,Attracted
WUYM_CR,W,NNS2,ES,感,Attracted,1.84,53.75,Yes,2,Stimulus,Psych,Attracted
WDLY_RU,W,NNS2,RU,感,Attracted,1.84,53.75,Yes,2,Stimulus,Psych,Attracted
WDLY_RU,W,NNS2,RU,感,Attracted,1.84,53.75,Yes,2,Stimulus,Psych,Attracted
WDLY_RU,W,NNS2,RU,感,Attracted,1.84,53.75,Yes,2,Stimulus,Psych,Attracted
AYN_RU,W,NNS2,RU,感,Attracted,1.84,53.75,Yes,2,Stimulus,Psych,Attracted
JHF_KR,W,NNS2,KR,感,Attracted,1.84,53.75,Yes,2,Stimulus,Psych,Attracted
JHF_KR,W,NNS2,KR,感,Attracted,1.84,53.75,Yes,2,Stimulus,Psych,Attracted
ZYY_VE,W,NNS2,ES,感,Attracted,1.84,53.75,Yes,2,Stimulus,Psych,Attracted
YYQH_JP,W,NNS2,JP,感,Attracted,1.84,53.75,Yes,2,Stimulus,Psych,Attracted
QYX_KR,W,NNS2,KR,感,Attracted,1.84,53.75,Yes,2,Stimulus,Psych,Attracted
LHYI_VN,W,NNS2,VN,感,Attracted,1.84,53.75,Yes,2,Stimulus,Psych,Attracted
WDLY_RU,W,NNS2,RU,感,Attracted,1.84,53.75,Yes,2,Stimulus,Psych,Attracted
WDLY_RU,W,NNS2,RU,感,Attracted,1.84,53.75,Yes,2,Stimulus,Psych,Attracted
BALID_GN,W,NNS2,EN,感,Attracted,1.84,53.75,Yes,2,Stimulus,Psych,Attracted
LMN_TH,W,NNS2,TH,感,Attracted,1.84,53.75,Yes,2,Stimulus,Psych,Attracted
SMER_KZ,W,NNS2,TK,感,Attracted,1.84,53.75,Yes,2,Stimulus,Psych,Attracted
SMER_KZ,W,NNS2,TK,感,Attracted,1.84,53.75,Yes,2,Stimulus,Psych,Attracted
GBQ_TH,W,NNS2,TH,感,Attracted,1.84,53.75,Yes,2,Stimulus,Psych,Attracted
HPL_TH,W,NNS2,TH,感,Attracted,1.84,53.75,Yes,2,Stimulus,Psych,Attracted
LJN_RU,W,NNS2,RU,感到,Attracted,11.04,5.56,Yes,2,Stimulus,Psych,Repelled
SJZB_JP,W,NNS2,JP,感到,Attracted,11.04,5.56,Yes,2,Stimulus,Psych,Repelled
LZHY_KR,W,NNS2,KR,感到,Attracted,11.04,5.56,Yes,2,Stimulus,Psych,Repelled
GKA_TH,W,NNS2,TH,感到,Attracted,11.04,5.56,Yes,2,Stimulus,Psych,Repelled
NJX_KR,W,NNS2,KR,感到,Attracted,11.04,5.56,Yes,2,Stimulus,Psych,Repelled
GQQG_JP,W,NNS2,JP,感到,Attracted,11.04,5.56,Yes,2,Stimulus,Psych,Repelled
BYL_BR,W,NNS2,PT,感激,Attracted,0.56,1.85,Yes,3,Recipient,Manner,Attracted
YR_ES,W,NNS2,ES,感觉,Attracted,0.22,0.00,Yes,3,Stimulus,Psych,Repelled
ZCYT_JP,W,NNS2,JP,感谢,Attracted,0.02,0.00,Yes,3,Stimulus,Psych,Repelled
HHC_KR,W,NNS2,KR,批评,Attracted,0.22,1.85,No,3,Target,Communication,Attracted
CQH_VN,W,NNS2,VN,指示,Attracted,0.02,0.00,No,5,Target,Communication,Repelled
LZSA_KR,W,NNS2,KR,支持,Attracted,0.42,1.85,Yes,3,Theme,Psych,Attracted
ZLO_RU,S,NNS2,RU,方便,Repelled,0.04,0.00,No,2,Concerned,Attribute,Repelled
YZX_KR,W,NNS2,KR,无益,Attracted,0.12,0.00,Yes,6,Concerned,Attribute,Repelled
DLYH_RU,S,NNS2,RU,必不可少,Attracted,6.62,18.54,No,5,Concerned,Attribute,Repelled
DLYH_RU,S,NNS2,RU,是,Attracted,6.62,18.54,Yes,1,Concerned,Functional,Repelled
MLY_RU,S,NNS2,RU,是,Attracted,6.62,18.54,Yes,1,Concerned,Functional,Repelled
NSJK_UA,S,NNS2,Other,是,Attracted,6.62,18.54,Yes,1,Concerned,Functional,Repelled
NSJK_UA,S,NNS2,Other,是,Attracted,6.62,18.54,Yes,1,Concerned,Functional,Repelled
MSE_RU,S,NNS2,RU,是,Attracted,6.62,18.54,Yes,1,Concerned,Functional,Repelled
MSE_RU,S,NNS2,RU,是,Attracted,6.62,18.54,Yes,1,Concerned,Functional,Repelled
BAOLUO_CL,W,NNS2,ES,是,Attracted,6.62,18.54,Yes,1,Concerned,Functional,Repelled
LLS_TH,W,NNS2,TH,是,Attracted,6.62,18.54,Yes,1,Concerned,Functional,Repelled
LXJ_KR,W,NNS2,KR,是,Attracted,6.62,18.54,Yes,1,Concerned,Functional,Repelled
LNA_KZ,W,NNS2,TK,是,Attracted,6.62,18.54,Yes,1,Concerned,Functional,Repelled
LNA_KZ,W,NNS2,TK,是,Attracted,6.62,18.54,Yes,1,Concerned,Functional,Repelled
YR_ES,W,NNS2,ES,是,Attracted,6.62,18.54,Yes,1,Concerned,Functional,Repelled
HRZ_MG,S,NNS2,Other,有,Attracted,19.49,87.12,Yes,1,Concerned,Functional,Attracted
QZY_KR,S,NNS2,KR,有,Attracted,39.77,61.17,Yes,1,Theme,Functional,Attracted
LXHU_KR,W,NNS2,KR,有,Attracted,19.49,87.12,Yes,1,Concerned,Functional,Attracted
CMY_VN,W,NNS2,VN,有,Attracted,4.49,77.85,Yes,1,Stimulus,Functional,Attracted
WAL_EE,W,NNS2,Other,有,Attracted,4.49,77.85,Yes,1,Stimulus,Functional,Attracted
LZL_GB,S,NNS2,EN,有,Attracted,4.49,77.85,Yes,1,Stimulus,Functional,Attracted
YIL_BR,S,NNS2,PT,有,Attracted,4.49,77.85,Yes,1,Stimulus,Functional,Attracted
YIL_BR,S,NNS2,PT,有,Attracted,4.49,77.85,Yes,1,Stimulus,Functional,Attracted
ZYY_VE,S,NNS2,ES,有,Attracted,4.49,77.85,Yes,1,Stimulus,Functional,Attracted
LXB_KR,S,NNS2,KR,有,Attracted,4.49,77.85,Yes,1,Stimulus,Functional,Attracted
HRC_DE,S,NNS2,Other,有,Attracted,4.49,77.85,Yes,1,Stimulus,Functional,Attracted
ZR_CA,S,NNS2,EN,有,Attracted,4.49,77.85,Yes,1,Stimulus,Functional,Attracted
MX_CS,W,NNS2,Other,有,Attracted,4.49,77.85,Yes,1,Stimulus,Functional,Attracted
QY_TH,W,NNS2,TH,有,Attracted,4.49,77.85,Yes,1,Stimulus,Functional,Attracted
JZHX_KR,W,NNS2,KR,有,Attracted,4.49,77.85,Yes,1,Stimulus,Functional,Attracted
NM_KZ,W,NNS2,TK,有,Attracted,4.49,77.85,Yes,1,Stimulus,Functional,Attracted
YSLI_PE,W,NNS2,ES,有,Attracted,4.49,77.85,Yes,1,Stimulus,Functional,Attracted
TZH_IT,W,NNS2,Other,有,Attracted,4.49,77.85,Yes,1,Stimulus,Functional,Attracted
YIL_BR,W,NNS2,PT,有,Attracted,4.49,77.85,Yes,1,Stimulus,Functional,Attracted
YSLI_PE,W,NNS2,ES,有,Attracted,4.49,77.85,Yes,1,Stimulus,Functional,Attracted
JXY_KR,W,NNS2,KR,有,Attracted,4.49,77.85,Yes,1,Stimulus,Functional,Attracted
YIL_BR,W,NNS2,PT,有,Attracted,4.49,77.85,Yes,1,Stimulus,Functional,Attracted
JJB_KR,W,NNS2,KR,有,Attracted,4.49,77.85,Yes,1,Stimulus,Functional,Attracted
LWC_TH,W,NNS2,TH,有,Attracted,4.49,77.85,Yes,1,Stimulus,Functional,Attracted
LWC_TH,W,NNS2,TH,有,Attracted,4.49,77.85,Yes,1,Stimulus,Functional,Attracted
ZYJA_TH,W,NNS2,TH,有,Attracted,19.49,87.12,Yes,1,Concerned,Functional,Attracted
YYQ_CH,W,NNS2,Other,有,Attracted,4.49,77.85,Yes,1,Stimulus,Functional,Attracted
BYL_BR,W,NNS2,PT,有,Attracted,19.49,87.12,Yes,1,Concerned,Functional,Attracted
MLY_RU,S,NNS2,RU,有,Attracted,19.49,87.12,Yes,1,Concerned,Functional,Attracted
ZYY_VE,S,NNS2,ES,有,Attracted,19.49,87.12,Yes,1,Concerned,Functional,Attracted
YGEU_UZ,S,NNS2,TK,有,Attracted,19.49,87.12,Yes,1,Concerned,Functional,Attracted
YGEU_UZ,S,NNS2,TK,有,Attracted,19.49,87.12,Yes,1,Concerned,Functional,Attracted
YGEU_UZ,S,NNS2,TK,有,Attracted,19.49,87.12,Yes,1,Concerned,Functional,Attracted
YGEU_UZ,S,NNS2,TK,有,Attracted,19.49,87.12,Yes,1,Concerned,Functional,Attracted
YGEU_UZ,S,NNS2,TK,有,Attracted,19.49,87.12,Yes,1,Concerned,Functional,Attracted
RKHF_VN,W,NNS2,VN,有,Attracted,19.49,87.12,Yes,1,Concerned,Functional,Attracted
DYSR_JP,W,NNS2,JP,有,Attracted,19.49,87.12,Yes,1,Concerned,Functional,Attracted
MDN_KZ,W,NNS2,TK,有,Attracted,19.49,87.12,Yes,1,Concerned,Functional,Attracted
HLH_TH,W,NNS2,TH,有,Attracted,19.49,87.12,Yes,1,Concerned,Functional,Attracted
HLH_TH,W,NNS2,TH,有,Attracted,19.49,87.12,Yes,1,Concerned,Functional,Attracted
CHAL_ID,W,NNS2,Other,有,Attracted,19.49,87.12,Yes,1,Concerned,Functional,Attracted
MWH_VE,W,NNS2,ES,有,Attracted,19.49,87.12,Yes,1,Concerned,Functional,Attracted
ZYG_VE,W,NNS2,ES,有,Attracted,19.49,87.12,Yes,1,Concerned,Functional,Attracted
LDYI_KR,W,NNS2,KR,有,Attracted,19.49,87.12,Yes,1,Concerned,Functional,Attracted
ZYJA_TH,W,NNS2,TH,有,Attracted,19.49,87.12,Yes,1,Concerned,Functional,Attracted
SZYI_KR,W,NNS2,KR,有,Attracted,19.49,87.12,Yes,1,Concerned,Functional,Attracted
QYX_KR,W,NNS2,KR,有,Attracted,19.49,87.12,Yes,1,Concerned,Functional,Attracted
CAMLG_TH,W,NNS2,TH,有,Attracted,19.49,87.12,Yes,1,Concerned,Functional,Attracted
NLSA_KG,W,NNS2,TK,有,Attracted,19.49,87.12,Yes,1,Concerned,Functional,Attracted
BYL_BR,W,NNS2,PT,有,Attracted,19.49,87.12,Yes,1,Concerned,Functional,Attracted
LCL_KR,W,NNS2,KR,有,Attracted,19.49,87.12,Yes,1,Concerned,Functional,Attracted
PRL_KR,W,NNS2,KR,有,Attracted,19.49,87.12,Yes,1,Concerned,Functional,Attracted
QYX_KR,W,NNS2,KR,有,Attracted,19.49,87.12,Yes,1,Concerned,Functional,Attracted
ZXLI_TH,W,NNS2,TH,有,Attracted,19.49,87.12,Yes,1,Concerned,Functional,Attracted
CHL_TH,W,NNS2,TH,有,Attracted,19.49,87.12,Yes,1,Concerned,Functional,Attracted
JDYI_KR,S,NNS2,KR,有,Attracted,19.49,87.12,Yes,1,Concerned,Functional,Attracted
MLY_RU,S,NNS2,RU,有,Attracted,19.49,87.12,Yes,1,Concerned,Functional,Attracted
MLY_RU,S,NNS2,RU,有,Attracted,19.49,87.12,Yes,1,Concerned,Functional,Attracted
MLY_RU,S,NNS2,RU,有,Attracted,19.49,87.12,Yes,1,Concerned,Functional,Attracted
SF_RU,S,NNS2,RU,有,Attracted,19.49,87.12,Yes,1,Concerned,Functional,Attracted
SF_RU,S,NNS2,RU,有,Attracted,19.49,87.12,Yes,1,Concerned,Functional,Attracted
ZYY_VE,S,NNS2,ES,有,Attracted,19.49,87.12,Yes,1,Concerned,Functional,Attracted
ZZY_KR,W,NNS2,KR,有,Attracted,19.49,87.12,Yes,1,Concerned,Functional,Attracted
PDL_BR,W,NNS2,PT,有,Attracted,19.49,87.12,Yes,1,Concerned,Functional,Attracted
CMY_VN,W,NNS2,VN,有,Attracted,19.49,87.12,Yes,1,Concerned,Functional,Attracted
LMHA_TH,W,NNS2,TH,有,Attracted,19.49,87.12,Yes,1,Concerned,Functional,Attracted
LC_TH,W,NNS2,TH,有,Attracted,19.49,87.12,Yes,1,Concerned,Functional,Attracted
JZUE_KR,W,NNS2,KR,有,Attracted,19.49,87.12,Yes,1,Concerned,Functional,Attracted
SZYI_KR,W,NNS2,KR,有,Attracted,19.49,87.12,Yes,1,Concerned,Functional,Attracted
JRY_KR,W,NNS2,KR,有,Attracted,19.49,87.12,Yes,1,Concerned,Functional,Attracted
MHMAD_TJ,S,NNS2,Other,有,Attracted,19.49,87.12,Yes,1,Concerned,Functional,Attracted
JZUE_KR,W,NNS2,KR,有,Attracted,19.49,87.12,Yes,1,Concerned,Functional,Attracted
NDS_RU,W,NNS2,RU,有,Attracted,19.49,87.12,Yes,1,Concerned,Functional,Attracted
LXB_KR,S,NNS2,KR,有,Attracted,19.49,87.12,Yes,1,Concerned,Functional,Attracted
QFM_KR,W,NNS2,KR,有,Attracted,4.49,77.85,Yes,1,Stimulus,Functional,Attracted
SSXN_KR,W,NNS2,KR,有,Attracted,19.49,87.12,Yes,1,Concerned,Functional,Attracted
DFH_TH,W,NNS2,TH,有,Attracted,19.49,87.12,Yes,1,Concerned,Functional,Attracted
ZTT_TH,W,NNS2,TH,有,Attracted,19.49,87.12,Yes,1,Concerned,Functional,Attracted
CQH_VN,W,NNS2,VN,有,Attracted,19.49,87.12,Yes,1,Concerned,Functional,Attracted
LLX_KR,S,NNS2,KR,有,Attracted,19.49,87.12,Yes,1,Concerned,Functional,Attracted
LC_TH,W,NNS2,TH,有,Attracted,19.49,87.12,Yes,1,Concerned,Functional,Attracted
ADH_RU,W,NNS2,RU,有,Attracted,4.49,77.85,Yes,1,Stimulus,Functional,Attracted
SJZB_JP,W,NNS2,JP,有,Attracted,4.49,77.85,Yes,1,Stimulus,Functional,Attracted
PRL_KR,W,NNS2,KR,有,Attracted,4.49,77.85,Yes,1,Stimulus,Functional,Attracted
JRY_KR,W,NNS2,KR,有,Attracted,4.49,77.85,Yes,1,Stimulus,Functional,Attracted
JJB_KR,W,NNS2,KR,有,Attracted,19.49,87.12,Yes,1,Concerned,Functional,Attracted
LZSA_KR,W,NNS2,KR,有,Attracted,4.49,77.85,Yes,1,Stimulus,Functional,Attracted
WAL_EE,W,NNS2,Other,有,Attracted,4.49,77.85,Yes,1,Stimulus,Functional,Attracted
LZYI_KR,W,NNS2,KR,有,Attracted,4.49,77.85,Yes,1,Stimulus,Functional,Attracted
JML_KR,W,NNS2,KR,有,Attracted,4.49,77.85,Yes,1,Stimulus,Functional,Attracted
JZUE_KR,W,NNS2,KR,有,Attracted,4.49,77.85,Yes,1,Stimulus,Functional,Attracted
JAML_TH,S,NNS2,TH,有,Attracted,19.49,87.12,Yes,1,Concerned,Functional,Attracted
KD_EG,S,NNS2,AR,有,Attracted,19.49,87.12,Yes,1,Concerned,Functional,Attracted
JYU_KZ,W,NNS2,TK,说,Attracted,105.53,385.55,No,1,Target,Communication,Attracted
MSA_RU,W,NNS2,RU,清楚,Repelled,0.23,5.56,Yes,2,Theme,Psych,Attracted
MSA_RU,W,NNS2,RU,清楚,Repelled,0.23,5.56,Yes,2,Theme,Psych,Attracted
CXD_KR,W,NNS2,KR,温和,Attracted,0.03,0.00,Yes,5,Recipient,Manner,Repelled
WJH_TH,W,NNS2,TH,满意,Attracted,2.71,25.95,Yes,2,Stimulus,Psych,Attracted
ADH_RU,S,NNS2,RU,满意,Attracted,2.71,25.95,Yes,2,Stimulus,Psych,Attracted
ADH_RU,S,NNS2,RU,满意,Attracted,2.71,25.95,Yes,2,Stimulus,Psych,Attracted
WYMU_SD,S,NNS2,AR,满意,Attracted,2.71,25.95,Yes,2,Stimulus,Psych,Attracted
ZCS_TH,W,NNS2,TH,满意,Attracted,2.71,25.95,Yes,2,Stimulus,Psych,Attracted
NSJB_RU,W,NNS2,RU,满意,Attracted,2.71,25.95,Yes,2,Stimulus,Psych,Attracted
WJH_TH,W,NNS2,TH,满意,Attracted,2.71,25.95,Yes,2,Stimulus,Psych,Attracted
LXHU_KR,W,NNS2,KR,满意,Attracted,2.71,25.95,Yes,2,Stimulus,Psych,Attracted
MDN_KZ,W,NNS2,TK,满意,Attracted,2.71,25.95,Yes,2,Stimulus,Psych,Attracted
WHY_TH,W,NNS2,TH,满意,Attracted,2.71,25.95,Yes,2,Stimulus,Psych,Attracted
YTQZ_JP,W,NNS2,JP,满意,Attracted,2.71,25.95,Yes,2,Stimulus,Psych,Attracted
LZSA_KR,W,NNS2,KR,满意,Attracted,2.71,25.95,Yes,2,Stimulus,Psych,Attracted
JZIE_KR,W,NNS2,KR,满意,Attracted,2.71,25.95,Yes,2,Stimulus,Psych,Attracted
JZJN_KR,W,NNS2,KR,满意,Attracted,2.71,25.95,Yes,2,Stimulus,Psych,Attracted
PL_KR,W,NNS2,KR,满意,Attracted,2.71,25.95,Yes,2,Stimulus,Psych,Attracted
ADH_RU,W,NNS2,RU,满意,Attracted,2.71,25.95,Yes,2,Stimulus,Psych,Attracted
MDN_KZ,W,NNS2,TK,满意,Attracted,2.71,25.95,Yes,2,Stimulus,Psych,Attracted
XH_KG,W,NNS2,TK,满意,Attracted,2.71,25.95,Yes,2,Stimulus,Psych,Attracted
ADH_RU,W,NNS2,RU,满意,Attracted,2.71,25.95,Yes,2,Stimulus,Psych,Attracted
HHC_KR,W,NNS2,KR,烦恼,Repelled,0.01,0.00,Yes,3,Stimulus,Psych,Repelled
CLY_KR,W,NNS2,KR,热心,Attracted,0.09,1.85,Yes,4,Recipient,Manner,Attracted
CLY_KR,W,NNS2,KR,热心,Attracted,0.09,1.85,Yes,4,Recipient,Manner,Attracted
JHXI_KR,W,NNS2,KR,热情,Attracted,0.16,5.56,Yes,2,Recipient,Manner,Attracted
KELA_PE,W,NNS2,ES,热情,Attracted,0.16,5.56,Yes,2,Recipient,Manner,Attracted
ZXLI_TH,W,NNS2,TH,热情,Attracted,0.16,5.56,Yes,2,Recipient,Manner,Attracted
BJM_AO,W,NNS2,PT,熟悉,Attracted,1.98,5.56,Yes,3,Theme,Psych,Attracted
SMER_KZ,W,NNS2,TK,熟悉,Attracted,1.98,5.56,Yes,3,Theme,Psych,Attracted
ZJX_VE,W,NNS2,ES,熟悉,Attracted,1.98,5.56,Yes,3,Theme,Psych,Attracted
PRL_KR,W,NNS2,KR,熟悉,Attracted,1.98,5.56,Yes,3,Theme,Psych,Attracted
QFM_KR,W,NNS2,KR,特别,Repelled,0.04,0.00,No,2,Concerned,Attribute,Repelled
QFM_KR,W,NNS2,KR,特别,Repelled,0.04,0.00,No,2,Concerned,Attribute,Repelled
WYMU_SD,S,NNS2,AR,不理,Repelled,0.06,0.00,Yes,6,Theme,Psych,Repelled
AMT_TJ,S,NNS2,Other,理解,Attracted,0.65,16.68,No,3,Theme,Psych,Repelled
LMA_PT,S,NNS2,PT,理解,Attracted,0.65,16.68,No,3,Theme,Psych,Repelled
SZB_KR,W,NNS2,KR,理解,Attracted,0.65,16.68,No,3,Theme,Psych,Repelled
YLLY_RU,W,NNS2,RU,留意,Attracted,0.08,0.00,Yes,6,Theme,Psych,Repelled
ZTT_TH,W,NNS2,TH,知道,Repelled,0.82,1.85,No,1,Theme,Psych,Repelled
JZP_CN,W,NNS2,Other,笑,Attracted,5.62,3.71,No,2,Target,Physical,Attracted
JZP_CN,W,NNS2,Other,笑,Attracted,5.62,3.71,No,2,Target,Physical,Attracted
KELA_PE,W,NNS2,ES,耐心,Repelled,0.01,0.00,Yes,4,Recipient,Manner,Repelled
PRL_KR,S,NNS2,KR,表白,Attracted,0.22,0.00,No,3,Target,Communication,Repelled
JZXIU_KR,W,NNS2,KR,表示,Attracted,10.69,7.41,No,3,Target,Communication,Attracted
LQQ_TH,W,NNS2,TH,表示,Attracted,10.69,7.41,No,3,Target,Communication,Attracted
JHXI_KR,W,NNS2,KR,要求,Attracted,0.17,5.56,No,2,Target,Communication,Attracted
KLSDN_RU,W,NNS2,RU,要求,Attracted,1.06,0.00,No,2,Theme,Psych,Attracted
YYL_TH,W,NNS2,TH,觉得,Repelled,0.64,0.00,No,1,Theme,Psych,Repelled
AMI_GN,S,NNS2,EN,说,Attracted,105.53,385.55,No,1,Target,Communication,Attracted
AMI_GN,S,NNS2,EN,说,Attracted,105.53,385.55,No,1,Target,Communication,Attracted
ASHA_CG,S,NNS2,FR,说,Attracted,105.53,385.55,No,1,Target,Communication,Attracted
ASHA_CG,S,NNS2,FR,说,Attracted,105.53,385.55,No,1,Target,Communication,Attracted
FLS_GQ,S,NNS2,ES,说,Attracted,105.53,385.55,No,1,Target,Communication,Attracted
FLS_GQ,S,NNS2,ES,说,Attracted,105.53,385.55,No,1,Target,Communication,Attracted
FLS_GQ,S,NNS2,ES,说,Attracted,105.53,385.55,No,1,Target,Communication,Attracted
KLDY_CO,S,NNS2,ES,说,Attracted,105.53,385.55,No,1,Target,Communication,Attracted
KLDY_CO,S,NNS2,ES,说,Attracted,105.53,385.55,No,1,Target,Communication,Attracted
LCL_KR,S,NNS2,KR,说,Attracted,105.53,385.55,No,1,Target,Communication,Attracted
LZA_KR,S,NNS2,KR,说,Attracted,105.53,385.55,No,1,Target,Communication,Attracted
LZA_KR,S,NNS2,KR,说,Attracted,105.53,385.55,No,1,Target,Communication,Attracted
LZA_KR,S,NNS2,KR,说,Attracted,105.53,385.55,No,1,Target,Communication,Attracted
LZA_KR,S,NNS2,KR,说,Attracted,105.53,385.55,No,1,Target,Communication,Attracted
LZM_KR,S,NNS2,KR,说,Attracted,105.53,385.55,No,1,Target,Communication,Attracted
LZM_KR,S,NNS2,KR,说,Attracted,105.53,385.55,No,1,Target,Communication,Attracted
NLSA_KG,S,NNS2,TK,说,Attracted,105.53,385.55,No,1,Target,Communication,Attracted
PML_CG,S,NNS2,FR,说,Attracted,105.53,385.55,No,1,Target,Communication,Attracted
PML_CG,S,NNS2,FR,说,Attracted,105.53,385.55,No,1,Target,Communication,Attracted
PML_CG,S,NNS2,FR,说,Attracted,105.53,385.55,No,1,Target,Communication,Attracted
PSY_KR,S,NNS2,KR,说,Attracted,105.53,385.55,No,1,Target,Communication,Attracted
AILAN_PK,S,NNS2,Other,说,Attracted,105.53,385.55,No,1,Target,Communication,Attracted
AMU_YE,S,NNS2,AR,说,Attracted,105.53,385.55,No,1,Target,Communication,Attracted
GQQG_JP,S,NNS2,JP,说,Attracted,105.53,385.55,No,1,Target,Communication,Attracted
GQQG_JP,S,NNS2,JP,说,Attracted,105.53,385.55,No,1,Target,Communication,Attracted
HRZ_MG,S,NNS2,Other,说,Attracted,105.53,385.55,No,1,Target,Communication,Attracted
HRZ_MG,S,NNS2,Other,说,Attracted,105.53,385.55,No,1,Target,Communication,Attracted
KD_EG,S,NNS2,AR,说,Attracted,105.53,385.55,No,1,Target,Communication,Attracted
KD_EG,S,NNS2,AR,说,Attracted,105.53,385.55,No,1,Target,Communication,Attracted
KD_EG,S,NNS2,AR,说,Attracted,105.53,385.55,No,1,Target,Communication,Attracted
XLH_TJ,S,NNS2,Other,说,Attracted,105.53,385.55,No,1,Target,Communication,Attracted
XR_JP,S,NNS2,JP,说,Attracted,105.53,385.55,No,1,Target,Communication,Attracted
AHY_KR,S,NNS2,KR,说,Attracted,105.53,385.55,No,1,Target,Communication,Attracted
AHY_KR,S,NNS2,KR,说,Attracted,105.53,385.55,No,1,Target,Communication,Attracted
CLY_KR,S,NNS2,KR,说,Attracted,105.53,385.55,No,1,Target,Communication,Attracted
CLY_KR,S,NNS2,KR,说,Attracted,105.53,385.55,No,1,Target,Communication,Attracted
DLYH_RU,S,NNS2,RU,说,Attracted,105.53,385.55,No,1,Target,Communication,Attracted
DLYH_RU,S,NNS2,RU,说,Attracted,105.53,385.55,No,1,Target,Communication,Attracted
JHXI_KR,S,NNS2,KR,说,Attracted,105.53,385.55,No,1,Target,Communication,Attracted
JHXI_KR,S,NNS2,KR,说,Attracted,105.53,385.55,No,1,Target,Communication,Attracted
LXB_KR,S,NNS2,KR,说,Attracted,105.53,385.55,No,1,Target,Communication,Attracted
LXB_KR,S,NNS2,KR,说,Attracted,105.53,385.55,No,1,Target,Communication,Attracted
NSJP_RU,S,NNS2,RU,说,Attracted,105.53,385.55,No,1,Target,Communication,Attracted
NSJP_RU,S,NNS2,RU,说,Attracted,105.53,385.55,No,1,Target,Communication,Attracted
NSJP_RU,S,NNS2,RU,说,Attracted,105.53,385.55,No,1,Target,Communication,Attracted
QZY_KR,S,NNS2,KR,说,Attracted,105.53,385.55,No,1,Target,Communication,Attracted
QZY_KR,S,NNS2,KR,说,Attracted,105.53,385.55,No,1,Target,Communication,Attracted
SF_RU,S,NNS2,RU,说,Attracted,105.53,385.55,No,1,Target,Communication,Attracted
SF_RU,S,NNS2,RU,说,Attracted,105.53,385.55,No,1,Target,Communication,Attracted
TSI_ET,S,NNS2,Other,说,Attracted,105.53,385.55,No,1,Target,Communication,Attracted
TSI_ET,S,NNS2,Other,说,Attracted,105.53,385.55,No,1,Target,Communication,Attracted
TSI_ET,S,NNS2,Other,说,Attracted,105.53,385.55,No,1,Target,Communication,Attracted
XYY_TH,S,NNS2,TH,说,Attracted,105.53,385.55,No,1,Target,Communication,Attracted
XYY_TH,S,NNS2,TH,说,Attracted,105.53,385.55,No,1,Target,Communication,Attracted
ZLYE_RU,S,NNS2,RU,说,Attracted,105.53,385.55,No,1,Target,Communication,Attracted
WYMU_SD,S,NNS2,AR,说,Attracted,105.53,385.55,No,1,Target,Communication,Attracted
WYMU_SD,S,NNS2,AR,说,Attracted,105.53,385.55,No,1,Target,Communication,Attracted
WYMU_SD,S,NNS2,AR,说,Attracted,105.53,385.55,No,1,Target,Communication,Attracted
WYMU_SD,S,NNS2,AR,说,Attracted,105.53,385.55,No,1,Target,Communication,Attracted
WYMU_SD,S,NNS2,AR,说,Attracted,105.53,385.55,No,1,Target,Communication,Attracted
YYQH_JP,W,NNS2,JP,说,Attracted,105.53,385.55,No,1,Target,Communication,Attracted
ZHX_VE,W,NNS2,ES,说,Attracted,105.53,385.55,No,1,Target,Communication,Attracted
ALI_EE,W,NNS2,Other,说,Attracted,105.53,385.55,No,1,Target,Communication,Attracted
JZUE_KR,W,NNS2,KR,说,Attracted,105.53,385.55,No,1,Target,Communication,Attracted
JEL_KR,W,NNS2,KR,说,Attracted,105.53,385.55,No,1,Target,Communication,Attracted
KYC_RU,W,NNS2,RU,说,Attracted,105.53,385.55,No,1,Target,Communication,Attracted
LWEN_TH,W,NNS2,TH,说,Attracted,105.53,385.55,No,1,Target,Communication,Attracted
CXYA_KR,W,NNS2,KR,说,Attracted,105.53,385.55,No,1,Target,Communication,Attracted
CXYA_KR,W,NNS2,KR,说,Attracted,105.53,385.55,No,1,Target,Communication,Attracted
CXYA_KR,W,NNS2,KR,说,Attracted,105.53,385.55,No,1,Target,Communication,Attracted
JXJ_KR,W,NNS2,KR,说,Attracted,105.53,385.55,No,1,Target,Communication,Attracted
JXJ_KR,W,NNS2,KR,说,Attracted,105.53,385.55,No,1,Target,Communication,Attracted
SHZ_KR,W,NNS2,KR,说,Attracted,105.53,385.55,No,1,Target,Communication,Attracted
ZJX_VE,W,NNS2,ES,说,Attracted,105.53,385.55,No,1,Target,Communication,Attracted
ZJX_VE,W,NNS2,ES,说,Attracted,105.53,385.55,No,1,Target,Communication,Attracted
ZJX_VE,W,NNS2,ES,说,Attracted,105.53,385.55,No,1,Target,Communication,Attracted
AHY_KR,W,NNS2,KR,说,Attracted,105.53,385.55,No,1,Target,Communication,Attracted
AHY_KR,W,NNS2,KR,说,Attracted,105.53,385.55,No,1,Target,Communication,Attracted
AMI_GN,W,NNS2,EN,说,Attracted,105.53,385.55,No,1,Target,Communication,Attracted
JHXI_KR,W,NNS2,KR,说,Attracted,105.53,385.55,No,1,Target,Communication,Attracted
SF_RU,W,NNS2,RU,说,Attracted,105.53,385.55,No,1,Target,Communication,Attracted
ZJJ_KR,W,NNS2,KR,说,Attracted,105.53,385.55,No,1,Target,Communication,Attracted
PZH_KR,W,NNS2,KR,说,Attracted,105.53,385.55,No,1,Target,Communication,Attracted
YTHZ_JP,W,NNS2,JP,说,Attracted,105.53,385.55,No,1,Target,Communication,Attracted
CHL_TH,W,NNS2,TH,说,Attracted,105.53,385.55,No,1,Target,Communication,Attracted
ZSM_KR,W,NNS2,KR,说,Attracted,105.53,385.55,No,1,Target,Communication,Attracted
NE_KZ,W,NNS2,TK,说,Attracted,105.53,385.55,No,1,Target,Communication,Attracted
AMI_GN,W,NNS2,EN,说,Attracted,105.53,385.55,No,1,Target,Communication,Attracted
AMI_GN,W,NNS2,EN,说,Attracted,105.53,385.55,No,1,Target,Communication,Attracted
AMI_GN,W,NNS2,EN,说,Attracted,105.53,385.55,No,1,Target,Communication,Attracted
HRC_DE,W,NNS2,Other,说,Attracted,105.53,385.55,No,1,Target,Communication,Attracted
LZL_ES,W,NNS2,ES,说,Attracted,105.53,385.55,No,1,Target,Communication,Attracted
MZ_GN,W,NNS2,EN,说,Attracted,105.53,385.55,No,1,Target,Communication,Attracted
JML_KR,W,NNS2,KR,说,Attracted,105.53,385.55,No,1,Target,Communication,Attracted
JXZ_KR,W,NNS2,KR,说,Attracted,105.53,385.55,No,1,Target,Communication,Attracted
LXJ_KR,W,NNS2,KR,说,Attracted,105.53,385.55,No,1,Target,Communication,Attracted
PZP_KR,W,NNS2,KR,说,Attracted,105.53,385.55,No,1,Target,Communication,Attracted
QJZU_KR,W,NNS2,KR,说,Attracted,105.53,385.55,No,1,Target,Communication,Attracted
WML_KR,W,NNS2,KR,说,Attracted,105.53,385.55,No,1,Target,Communication,Attracted
JYS_KR,W,NNS2,KR,说,Attracted,105.53,385.55,No,1,Target,Communication,Attracted
JYS_KR,W,NNS2,KR,说,Attracted,105.53,385.55,No,1,Target,Communication,Attracted
ZML_TH,W,NNS2,TH,说,Attracted,105.53,385.55,No,1,Target,Communication,Attracted
LWC_TH,W,NNS2,TH,说,Attracted,105.53,385.55,No,1,Target,Communication,Attracted
JDYI_KR,W,NNS2,KR,说,Attracted,105.53,385.55,No,1,Target,Communication,Attracted
LNA_KZ,W,NNS2,TK,说,Attracted,105.53,385.55,No,1,Target,Communication,Attracted
MELA_TJ,W,NNS2,Other,说,Attracted,105.53,385.55,No,1,Target,Communication,Attracted
PML_CG,W,NNS2,FR,说,Attracted,105.53,385.55,No,1,Target,Communication,Attracted
RXBHZ_JP,W,NNS2,JP,说,Attracted,105.53,385.55,No,1,Target,Communication,Attracted
CYD_TH,W,NNS2,TH,说,Attracted,105.53,385.55,No,1,Target,Communication,Attracted
LCY_TH,W,NNS2,TH,说,Attracted,105.53,385.55,No,1,Target,Communication,Attracted
JZUE_KR,W,NNS2,KR,说,Attracted,105.53,385.55,No,1,Target,Communication,Attracted
JZP_CN,W,NNS2,Other,说,Attracted,105.53,385.55,No,1,Target,Communication,Attracted
LHYI_VN,W,NNS2,VN,说,Attracted,105.53,385.55,No,1,Target,Communication,Attracted
JZXIU_KR,W,NNS2,KR,说,Attracted,105.53,385.55,No,1,Target,Communication,Attracted
LWL_ID,W,NNS2,Other,说,Attracted,105.53,385.55,No,1,Target,Communication,Attracted
LZYA_KR,W,NNS2,KR,说,Attracted,105.53,385.55,No,1,Target,Communication,Attracted
QBYZ_JP,W,NNS2,JP,说,Attracted,105.53,385.55,No,1,Target,Communication,Attracted
YR_ES,W,NNS2,ES,说,Attracted,105.53,385.55,No,1,Target,Communication,Attracted
ABL_UZ,W,NNS2,TK,说,Attracted,105.53,385.55,No,1,Target,Communication,Attracted
SMER_KZ,W,NNS2,TK,说,Attracted,105.53,385.55,No,1,Target,Communication,Attracted
SMER_KZ,W,NNS2,TK,说,Attracted,105.53,385.55,No,1,Target,Communication,Attracted
SMER_KZ,W,NNS2,TK,说,Attracted,105.53,385.55,No,1,Target,Communication,Attracted
LZLA_CD,W,NNS2,FR,说,Attracted,105.53,385.55,No,1,Target,Communication,Attracted
LZLA_CD,W,NNS2,FR,说,Attracted,105.53,385.55,No,1,Target,Communication,Attracted
QYX_KR,W,NNS2,KR,说,Attracted,105.53,385.55,No,1,Target,Communication,Attracted
BALID_GN,W,NNS2,EN,说,Attracted,105.53,385.55,No,1,Target,Communication,Attracted
SMER_KZ,W,NNS2,TK,说,Attracted,105.53,385.55,No,1,Target,Communication,Attracted
BYL_BR,W,NNS2,PT,说,Attracted,105.53,385.55,No,1,Target,Communication,Attracted
BAOLUO_CL,W,NNS2,ES,说,Attracted,105.53,385.55,No,1,Target,Communication,Attracted
JZUE_KR,W,NNS2,KR,说,Attracted,105.53,385.55,No,1,Target,Communication,Attracted
LZLA_CD,W,NNS2,FR,说,Attracted,105.53,385.55,No,1,Target,Communication,Attracted
LZLA_CD,W,NNS2,FR,说,Attracted,105.53,385.55,No,1,Target,Communication,Attracted
JZXIU_KR,W,NNS2,KR,说,Attracted,105.53,385.55,No,1,Target,Communication,Attracted
LHYI_VN,W,NNS2,VN,说,Attracted,105.53,385.55,No,1,Target,Communication,Attracted
SSXI_KR,W,NNS2,KR,说,Attracted,105.53,385.55,No,1,Target,Communication,Attracted
PZY_KR,W,NNS2,KR,说,Attracted,105.53,385.55,No,1,Target,Communication,Attracted
MRN_BR,W,NNS2,PT,说,Attracted,105.53,385.55,No,1,Target,Communication,Attracted
WUYM_CR,W,NNS2,ES,说,Attracted,105.53,385.55,No,1,Target,Communication,Attracted
WUYM_CR,W,NNS2,ES,说,Attracted,105.53,385.55,No,1,Target,Communication,Attracted
WUYM_CR,W,NNS2,ES,说,Attracted,105.53,385.55,No,1,Target,Communication,Attracted
HSE_PK,W,NNS2,Other,说,Attracted,105.53,385.55,No,1,Target,Communication,Attracted
XAW_ML,W,NNS2,FR,说,Attracted,105.53,385.55,No,1,Target,Communication,Attracted
JZXIU_KR,W,NNS2,KR,说,Attracted,105.53,385.55,No,1,Target,Communication,Attracted
LWC_TH,W,NNS2,TH,说,Attracted,105.53,385.55,No,1,Target,Communication,Attracted
PML_CG,W,NNS2,FR,说,Attracted,105.53,385.55,No,1,Target,Communication,Attracted
DFH_TH,W,NNS2,TH,说,Attracted,105.53,385.55,No,1,Target,Communication,Attracted
LZLA_CD,W,NNS2,FR,说,Attracted,105.53,385.55,No,1,Target,Communication,Attracted
LZLA_CD,W,NNS2,FR,说,Attracted,105.53,385.55,No,1,Target,Communication,Attracted
LZLA_CD,W,NNS2,FR,说,Attracted,105.53,385.55,No,1,Target,Communication,Attracted
LZLA_CD,W,NNS2,FR,说,Attracted,105.53,385.55,No,1,Target,Communication,Attracted
LMN_TH,W,NNS2,TH,说,Attracted,105.53,385.55,No,1,Target,Communication,Attracted
SMER_KZ,W,NNS2,TK,说,Attracted,105.53,385.55,No,1,Target,Communication,Attracted
SMER_KZ,W,NNS2,TK,说,Attracted,105.53,385.55,No,1,Target,Communication,Attracted
SSXI_KR,W,NNS2,KR,说,Attracted,105.53,385.55,No,1,Target,Communication,Attracted
WUYM_CR,W,NNS2,ES,说,Attracted,105.53,385.55,No,1,Target,Communication,Attracted
YR_ES,W,NNS2,ES,说,Attracted,105.53,385.55,No,1,Target,Communication,Attracted
YR_ES,W,NNS2,ES,说,Attracted,105.53,385.55,No,1,Target,Communication,Attracted
ZJX_VE,W,NNS2,ES,说,Attracted,105.53,385.55,No,1,Target,Communication,Attracted
JZUE_KR,W,NNS2,KR,说,Attracted,105.53,385.55,No,1,Target,Communication,Attracted
MWH_VE,W,NNS2,ES,说,Attracted,105.53,385.55,No,1,Target,Communication,Attracted
SMER_KZ,W,NNS2,TK,说,Attracted,105.53,385.55,No,1,Target,Communication,Attracted
AMEI_MU,W,NNS2,Other,说,Attracted,105.53,385.55,No,1,Target,Communication,Attracted
AMEI_MU,W,NNS2,Other,说,Attracted,105.53,385.55,No,1,Target,Communication,Attracted
JZUE_KR,W,NNS2,KR,说,Attracted,105.53,385.55,No,1,Target,Communication,Attracted
MWH_VE,W,NNS2,ES,说,Attracted,105.53,385.55,No,1,Target,Communication,Attracted
LZYA_KR,W,NNS2,KR,说,Attracted,105.53,385.55,No,1,Target,Communication,Attracted
LZYA_KR,W,NNS2,KR,说,Attracted,105.53,385.55,No,1,Target,Communication,Attracted
DFH_TH,W,NNS2,TH,说,Attracted,105.53,385.55,No,1,Target,Communication,Attracted
YY_TH,W,NNS2,TH,说,Attracted,105.53,385.55,No,1,Target,Communication,Attracted
JXJ_KR,W,NNS2,KR,说,Attracted,105.53,385.55,No,1,Target,Communication,Attracted
XYY_TH,W,NNS2,TH,起,Attracted,4.87,3.71,Yes,6,Concerned,Functional,Attracted
ABM_CM,S,NNS2,EN,这样,Repelled,0.09,1.85,Yes,1,Recipient,Manner,Repelled
LHYI_VN,W,NNS2,VN,适应,Repelled,0.18,1.85,Yes,3,Stimulus,Psych,Attracted
SSXI_KR,W,NNS2,KR,适应,Repelled,0.18,1.85,Yes,3,Stimulus,Psych,Attracted
ZCS_TH,W,NNS2,TH,造成,Attracted,5.65,7.41,Yes,4,Concerned,Functional,Attracted
SHSA_KR,W,NNS2,KR,道歉,Attracted,0.22,0.00,No,3,Target,Communication,Repelled
CXYA_KR,W,NNS2,KR,道歉,Attracted,0.22,0.00,No,3,Target,Communication,Repelled
CXYA_KR,W,NNS2,KR,道歉,Attracted,0.22,0.00,No,3,Target,Communication,Repelled
QYX_KR,W,NNS2,KR,道歉,Attracted,0.22,0.00,No,3,Target,Communication,Repelled
WHY_TH,W,NNS2,TH,那样,Repelled,0.01,0.00,Yes,2,Recipient,Manner,Repelled
LQQ_TH,W,NNS2,TH,重视,Attracted,1.91,1.85,Yes,4,Recipient,Manner,Attracted
AMEI_MU,S,NNS2,Other,重要,Repelled,0.72,9.27,Yes,2,Concerned,Attribute,Attracted
CLY_KR,S,NNS2,KR,重要,Repelled,0.72,9.27,Yes,2,Concerned,Attribute,Attracted
LXHU_KR,S,NNS2,KR,重要,Repelled,0.72,9.27,Yes,2,Concerned,Attribute,Attracted
HJ_RU,S,NNS2,RU,重要,Repelled,0.72,9.27,Yes,2,Concerned,Attribute,Attracted
YZX_KR,W,NNS2,KR,重要,Repelled,0.72,9.27,Yes,2,Concerned,Attribute,Attracted
GKA_TH,W,NNS2,TH,重要,Repelled,0.72,9.27,Yes,2,Concerned,Attribute,Attracted
GQQG_JP,W,NNS2,JP,重要,Repelled,0.72,9.27,Yes,2,Concerned,Attribute,Attracted
MHMAD_TJ,W,NNS2,Other,重要,Repelled,0.72,9.27,Yes,2,Concerned,Attribute,Attracted
CXZ_TH,W,NNS2,TH,重要,Repelled,0.72,9.27,Yes,2,Concerned,Attribute,Attracted
SF_RU,W,NNS2,RU,重要,Repelled,0.72,9.27,Yes,2,Concerned,Attribute,Attracted
LXJ_KR,W,NNS2,KR,重要,Repelled,0.72,9.27,Yes,2,Concerned,Attribute,Attracted
AJ_KZ,W,NNS2,TK,重要,Repelled,0.72,9.27,Yes,2,Concerned,Attribute,Attracted
LZYA_KR,W,NNS2,KR,重要,Repelled,0.72,9.27,Yes,2,Concerned,Attribute,Attracted
DFH_TH,W,NNS2,TH,重要,Repelled,0.72,9.27,Yes,2,Concerned,Attribute,Attracted
DFH_TH,W,NNS2,TH,重要,Repelled,0.72,9.27,Yes,2,Concerned,Attribute,Attracted
DFH_TH,W,NNS2,TH,重要,Repelled,0.72,9.27,Yes,2,Concerned,Attribute,Attracted
LQQ_TH,W,NNS2,TH,重要,Repelled,0.72,9.27,Yes,2,Concerned,Attribute,Attracted
ZSYI_TH,W,NNS2,TH,重要,Repelled,0.72,9.27,Yes,2,Concerned,Attribute,Attracted
ZSYI_TH,W,NNS2,TH,重要,Repelled,0.72,9.27,Yes,2,Concerned,Attribute,Attracted
YR_ES,W,NNS2,ES,重要,Repelled,0.72,9.27,Yes,2,Concerned,Attribute,Attracted
ZYG_VE,W,NNS2,ES,重要,Repelled,0.72,9.27,Yes,2,Concerned,Attribute,Attracted
JZIE_KR,W,NNS2,KR,重要,Repelled,0.72,9.27,Yes,2,Concerned,Attribute,Attracted
QYX_KR,S,NNS2,KR,难,Repelled,0.02,0.00,No,2,Concerned,Attribute,Repelled
SGY_KR,W,NNS2,KR,难,Repelled,0.02,0.00,No,2,Concerned,Attribute,Repelled
WDLY_RU,W,NNS2,RU,难,Repelled,0.02,0.00,No,2,Concerned,Attribute,Repelled
WDLY_RU,W,NNS2,RU,难,Repelled,0.02,0.00,No,2,Concerned,Attribute,Repelled
ZLO_RU,S,NNS2,RU,方便,Repelled,0.04,0.00,No,2,Concerned,Attribute,Repelled
CAMLG_TH,W,NNS2,TH,骂,Repelled,0.16,1.85,No,4,Target,Communication,Repelled
YYZ_KR,W,NNS2,KR,鼓励,Attracted,0.10,0.00,Yes,3,Target,Communication,Repelled
JXJ_KR,W,NNS2,KR,好,Repelled,1.20,5.56,Yes,1,Recipient,Manner,Repelled
CZJ_KR,W,NNS2,KR,没大没小,Attracted,0.00,0.00,No,6,Recipient,Manner,Repelled
YLN_RU,W,NNS3,RU,严格,Repelled,0.07,1.85,Yes,3,Recipient,Manner,Attracted
CAMLG_TH,S,NNS3,TH,习惯,Repelled,0.22,1.85,Yes,2,Stimulus,Psych,Attracted
ZCY_KR,W,NNS3,KR,亲切,Attracted,0.08,1.85,Yes,4,Recipient,Manner,Attracted
JMZJ_KR,W,NNS3,KR,介绍,Attracted,0.32,0.00,No,1,Target,Communication,Repelled
DFH_TH,W,NNS3,TH,付出,Attracted,0.63,0.00,No,6,Target,Social,Repelled
DBL_BF,S,NNS3,FR,佩服,Attracted,0.53,0.00,Yes,4,Stimulus,Psych,Repelled
ALX_KZ,W,NNS3,TK,做,Attracted,5.41,3.71,Yes,1,Scope,Functional,Repelled
HPL_TH,W,NNS3,TH,停止,Attracted,0.06,0.00,Yes,6,Scope,Functional,Repelled
ZXLI_TH,W,NNS3,TH,停止,Attracted,0.06,0.00,Yes,6,Scope,Functional,Repelled
YWD_VE,W,NNS3,ES,停止,Attracted,0.06,0.00,Yes,6,Scope,Functional,Repelled
MHJY_JP,S,NNS3,JP,兴致勃勃,Repelled,0.01,0.00,Yes,5,Stimulus,Psych,Repelled
JYS_KR,W,NNS3,KR,冷酷,Repelled,0.01,0.00,Yes,5,Recipient,Manner,Attracted
ZYJA_TH,W,NNS3,TH,凶,Attracted,0.05,0.00,Yes,6,Recipient,Manner,Repelled
MQH_VN,W,NNS3,VN,加深,Repelled,0.03,0.00,No,6,Theme,Functional,Repelled
FZLD_UZ,W,NNS3,TK,又恨又爱,Attracted,0.00,0.00,Yes,6,Stimulus,Psych,Repelled
AM_GN,S,NNS3,EN,友好,Repelled,0.07,1.85,Yes,3,Recipient,Manner,Attracted
AM_GN,S,NNS3,EN,友好,Repelled,0.07,1.85,Yes,3,Recipient,Manner,Attracted
CL_TR,W,NNS3,TK,友好,Repelled,0.07,1.85,Yes,3,Recipient,Manner,Attracted
ZCY_KR,W,NNS3,KR,和蔼,Attracted,0.02,0.00,Yes,5,Recipient,Manner,Repelled
HYW_TH,W,NNS3,TH,哭,Repelled,0.08,0.00,No,2,Target,Physical,Repelled
JJB_KR,W,NNS3,KR,失望,Attracted,0.12,3.71,Yes,3,Stimulus,Psych,Attracted
JJB_KR,W,NNS3,KR,感到,Attracted,11.04,5.56,Yes,2,Stimulus,Psych,Repelled
JJB_KR,W,NNS3,KR,失望,Attracted,0.12,3.71,Yes,3,Stimulus,Psych,Attracted
CQH_VN,W,NNS3,VN,失望,Attracted,0.12,3.71,Yes,3,Stimulus,Psych,Attracted
AM_GN,S,NNS3,EN,好,Repelled,1.20,5.56,Yes,1,Recipient,Manner,Repelled
AM_GN,S,NNS3,EN,好,Repelled,1.20,5.56,Yes,1,Recipient,Manner,Repelled
AM_GN,S,NNS3,EN,好,Repelled,1.20,5.56,Yes,1,Recipient,Manner,Repelled
DJM_KR,S,NNS3,KR,好,Repelled,1.20,5.56,Yes,1,Recipient,Manner,Repelled
GB_MX,S,NNS3,ES,好,Repelled,1.20,5.56,Yes,1,Recipient,Manner,Repelled
GB_MX,S,NNS3,ES,好,Repelled,1.20,5.56,Yes,1,Recipient,Manner,Repelled
GB_MX,S,NNS3,ES,好,Repelled,1.20,5.56,Yes,1,Recipient,Manner,Repelled
GSJ_TH,S,NNS3,TH,好,Repelled,1.20,5.56,Yes,1,Recipient,Manner,Repelled
GSJ_TH,S,NNS3,TH,好,Repelled,1.20,5.56,Yes,1,Recipient,Manner,Repelled
LZG_KR,S,NNS3,KR,好,Repelled,1.20,5.56,Yes,1,Recipient,Manner,Repelled
MQH_VN,S,NNS3,VN,好,Repelled,1.20,5.56,Yes,1,Recipient,Manner,Repelled
MQH_VN,S,NNS3,VN,好,Repelled,1.20,5.56,Yes,1,Recipient,Manner,Repelled
MQH_VN,S,NNS3,VN,好,Repelled,1.20,5.56,Yes,1,Recipient,Manner,Repelled
MQH_VN,S,NNS3,VN,好,Repelled,1.20,5.56,Yes,1,Recipient,Manner,Repelled
ZQC_MX,S,NNS3,ES,好,Repelled,1.20,5.56,Yes,1,Recipient,Manner,Repelled
ZSY_TH,S,NNS3,TH,好,Repelled,1.20,5.56,Yes,1,Recipient,Manner,Repelled
ZSY_TH,S,NNS3,TH,好,Repelled,1.20,5.56,Yes,1,Recipient,Manner,Repelled
ZSY_TH,S,NNS3,TH,好,Repelled,1.20,5.56,Yes,1,Recipient,Manner,Repelled
AM_AZ,S,NNS3,TK,好,Repelled,1.20,5.56,Yes,1,Recipient,Manner,Repelled
HSMH_JP,S,NNS3,JP,好,Repelled,1.20,5.56,Yes,1,Recipient,Manner,Repelled
ZCY_KR,S,NNS3,KR,好,Repelled,1.20,5.56,Yes,1,Recipient,Manner,Repelled
DBL_BF,S,NNS3,FR,好,Repelled,1.20,5.56,Yes,1,Recipient,Manner,Repelled
AM_GN,S,NNS3,EN,好,Repelled,1.20,5.56,Yes,1,Recipient,Manner,Repelled
HPL_TH,S,NNS3,TH,好,Repelled,1.20,5.56,Yes,1,Recipient,Manner,Repelled
HJQ_TH,W,NNS3,TH,好,Repelled,1.20,5.56,Yes,1,Recipient,Manner,Repelled
YCHG_VN,W,NNS3,VN,好,Repelled,1.20,5.56,Yes,1,Recipient,Manner,Repelled
YCHG_VN,W,NNS3,VN,好,Repelled,1.20,5.56,Yes,1,Recipient,Manner,Repelled
HYW_TH,W,NNS3,TH,好,Repelled,1.20,5.56,Yes,1,Recipient,Manner,Repelled
HYW_TH,W,NNS3,TH,好,Repelled,1.20,5.56,Yes,1,Recipient,Manner,Repelled
HPL_TH,W,NNS3,TH,好,Repelled,1.20,5.56,Yes,1,Recipient,Manner,Repelled
HPL_TH,W,NNS3,TH,好,Repelled,1.20,5.56,Yes,1,Recipient,Manner,Repelled
HPL_TH,W,NNS3,TH,好,Repelled,1.20,5.56,Yes,1,Recipient,Manner,Repelled
ZSYA_TH,W,NNS3,TH,好,Repelled,1.20,5.56,Yes,1,Recipient,Manner,Repelled
ZSYA_TH,W,NNS3,TH,好,Repelled,1.20,5.56,Yes,1,Recipient,Manner,Repelled
CLB_TH,W,NNS3,TH,好,Repelled,1.20,5.56,Yes,1,Recipient,Manner,Repelled
ZSYA_TH,W,NNS3,TH,好,Repelled,1.20,5.56,Yes,1,Recipient,Manner,Repelled
ALN_RU,W,NNS3,RU,好,Repelled,1.20,5.56,Yes,1,Recipient,Manner,Repelled
MLK_KG,W,NNS3,TK,好,Repelled,1.20,5.56,Yes,1,Recipient,Manner,Repelled
RHF_VN,W,NNS3,VN,好,Repelled,1.20,5.56,Yes,1,Recipient,Manner,Repelled
ZY_UZ,W,NNS3,TK,好,Repelled,1.20,5.56,Yes,1,Recipient,Manner,Repelled
FLUS_RU,W,NNS3,RU,好,Repelled,1.20,5.56,Yes,1,Recipient,Manner,Repelled
ZML_TH,W,NNS3,TH,好,Repelled,1.20,5.56,Yes,1,Recipient,Manner,Repelled
DLY_RU,W,NNS3,RU,实行,Attracted,5.76,0.00,Yes,5,Scope,Functional,Repelled
GBQ_TH,W,NNS3,TH,实行,Attracted,5.76,0.00,Yes,5,Scope,Functional,Repelled
LSJ_KR,W,NNS3,KR,实行,Attracted,5.76,0.00,Yes,5,Scope,Functional,Repelled
LSJ_KR,W,NNS3,KR,实行,Attracted,5.76,0.00,Yes,5,Scope,Functional,Repelled
QYX_KR,W,NNS3,KR,实行,Attracted,5.76,0.00,Yes,5,Scope,Functional,Repelled
QYX_KR,W,NNS3,KR,实行,Attracted,5.76,0.00,Yes,5,Scope,Functional,Repelled
XYY_TH,W,NNS3,TH,实行,Attracted,5.76,0.00,Yes,5,Scope,Functional,Repelled
LAQ_MG,W,NNS3,Other,实行,Attracted,5.76,0.00,Yes,5,Scope,Functional,Repelled
HH_SD,S,NNS3,AR,带来,Attracted,1.35,0.00,No,6,Target,Functional,Repelled
HH_SD,S,NNS3,AR,带来,Attracted,1.35,0.00,No,6,Target,Functional,Repelled
AJX_KR,W,NNS3,KR,帮助,Attracted,0.30,0.00,Yes,1,Concerned,Attribute,Repelled
TLL_UA,S,NNS3,Other,怎么样,Repelled,0.04,0.00,Yes,1,Recipient,Manner,Repelled
LWC_TH,W,NNS3,TH,怎么样,Repelled,0.04,0.00,Yes,1,Recipient,Manner,Repelled
ZYK_VE,W,NNS3,ES,恨,Attracted,0.42,1.85,No,4,Stimulus,Psych,Attracted
JZHX_KR,W,NNS3,KR,打招呼,Attracted,0.19,0.00,No,3,Target,Communication,Repelled
JTL_KR,S,NNS3,KR,教育,Attracted,0.09,0.00,Yes,3,Target,Social,Repelled
ZLB_RU,W,NNS3,RU,做,Attracted,5.41,3.71,Yes,1,Scope,Functional,Repelled
ZYK_VE,W,NNS3,ES,有,Attracted,4.49,77.85,Yes,1,Stimulus,Functional,Attracted
RBZ_VN,W,NNS3,VN,有,Attracted,4.49,77.85,Yes,1,Stimulus,Functional,Attracted
OY_TJ,S,NNS3,Other,有,Attracted,4.49,77.85,Yes,1,Stimulus,Functional,Attracted
OY_TJ,S,NNS3,Other,有,Attracted,4.49,77.85,Yes,1,Stimulus,Functional,Attracted
CGL_MG,S,NNS3,Other,有,Attracted,4.49,77.85,Yes,1,Stimulus,Functional,Attracted
AYD_KG,W,NNS3,TK,欢迎,Attracted,0.12,0.00,Yes,2,Recipient,Manner,Repelled
FSHY_VN,W,NNS3,VN,欢迎,Attracted,0.12,0.00,Yes,2,Recipient,Manner,Repelled
WPY_VN,W,NNS3,VN,欢迎,Attracted,0.12,0.00,Yes,2,Recipient,Manner,Repelled
XT_UZ,W,NNS3,TK,欢迎,Attracted,0.12,0.00,Yes,2,Recipient,Manner,Repelled
AYD_KG,S,NNS3,TK,有,Attracted,39.77,61.17,Yes,1,Theme,Functional,Attracted
JDHN_KR,W,NNS3,KR,温柔,Attracted,0.16,0.00,Yes,4,Recipient,Manner,Repelled
ZYJA_TH,W,NNS3,TH,温柔,Attracted,0.16,0.00,Yes,4,Recipient,Manner,Repelled
QTGTL_JP,W,NNS3,JP,满意,Attracted,2.71,25.95,Yes,2,Stimulus,Psych,Attracted
DLY_RU,W,NNS3,RU,漠不关心,Attracted,0.09,0.00,Yes,6,Recipient,Manner,Repelled
ZSYA_TH,W,NNS3,TH,热心,Attracted,0.09,1.85,Yes,4,Recipient,Manner,Attracted
GSJ_TH,S,NNS3,TH,热情,Attracted,0.16,5.56,Yes,2,Recipient,Manner,Attracted
GSJ_TH,S,NNS3,TH,热情,Attracted,0.16,5.56,Yes,2,Recipient,Manner,Attracted
DFH_TH,S,NNS3,TH,热情,Attracted,0.16,5.56,Yes,2,Recipient,Manner,Attracted
ZXL_TH,S,NNS3,TH,热情,Attracted,0.16,5.56,Yes,2,Recipient,Manner,Attracted
QJZE_KR,W,NNS3,KR,热情,Attracted,0.16,5.56,Yes,2,Recipient,Manner,Attracted
YTQZ_JP,W,NNS3,JP,热情,Attracted,0.16,5.56,Yes,2,Recipient,Manner,Attracted
JLB_KZ,W,NNS3,TK,热情,Attracted,0.16,5.56,Yes,2,Recipient,Manner,Attracted
ZXLI_TH,W,NNS3,TH,热情,Attracted,0.16,5.56,Yes,2,Recipient,Manner,Attracted
ZYK_VE,W,NNS3,ES,生气,Attracted,0.17,0.00,Yes,2,Stimulus,Psych,Repelled
JTL_KR,S,NNS3,KR,用,Attracted,0.62,1.85,Yes,2,Scope,Functional,Repelled
ZSY_TH,S,NNS3,TH,积极,Repelled,0.05,0.00,Yes,3,Recipient,Manner,Repelled
RYQ_VN,W,NNS3,VN,给予,Attracted,3.43,1.85,Yes,5,Target,Functional,Attracted
ADHK_KZ,W,NNS3,TK,给予,Attracted,3.43,1.85,Yes,5,Target,Functional,Attracted
JBY_KR,W,NNS3,KR,给予,Attracted,3.43,1.85,Yes,5,Target,Functional,Attracted
CAMLG_TH,W,NNS3,TH,表白,Attracted,0.22,0.00,No,3,Target,Communication,Repelled
QS_US,W,NNS3,EN,表示,Attracted,10.69,7.41,No,3,Theme,Communication,Attracted
RYQ_VN,W,NNS3,VN,表示,Attracted,10.69,7.41,No,3,Theme,Communication,Attracted
CQH_VN,W,NNS3,VN,表示,Attracted,10.69,7.41,No,3,Theme,Communication,Attracted
LHYA_TH,W,NNS3,TH,表示,Attracted,10.69,7.41,No,3,Target,Communication,Attracted
MEQ_TH,W,NNS3,TH,表示,Attracted,10.69,7.41,No,3,Theme,Communication,Attracted
WLY_RU,W,NNS3,RU,表示,Attracted,10.69,7.41,No,3,Theme,Communication,Attracted
WLY_RU,W,NNS3,RU,表示,Attracted,10.69,7.41,No,3,Theme,Communication,Attracted
WSNA_KR,W,NNS3,KR,表示,Attracted,10.69,7.41,No,3,Theme,Communication,Attracted
WSNA_KR,W,NNS3,KR,表示,Attracted,10.69,7.41,No,3,Theme,Communication,Attracted
ZAZ_TH,W,NNS3,TH,表示,Attracted,10.69,7.41,No,3,Theme,Communication,Attracted
ZZ_KZ,W,NNS3,TK,表示,Attracted,10.69,7.41,No,3,Theme,Communication,Attracted
FZLD_UZ,W,NNS3,TK,表示,Attracted,10.69,7.41,No,3,Theme,Communication,Attracted
YYM_VN,W,NNS3,VN,表示,Attracted,10.69,7.41,No,3,Theme,Communication,Attracted
LMR_TH,W,NNS3,TH,表示,Attracted,10.69,7.41,No,3,Target,Communication,Attracted
LMR_TH,W,NNS3,TH,表示,Attracted,10.69,7.41,No,3,Theme,Communication,Attracted
LSYI_TH,W,NNS3,TH,表示,Attracted,10.69,7.41,No,3,Theme,Communication,Attracted
YLN_RU,W,NNS3,RU,表示,Attracted,10.69,7.41,No,3,Theme,Communication,Attracted
AJX_KR,W,NNS3,KR,表示,Attracted,10.69,7.41,No,3,Target,Communication,Attracted
JXY_KR,W,NNS3,KR,表示,Attracted,10.69,7.41,No,3,Theme,Communication,Attracted
WLNA_RU,W,NNS3,RU,表示,Attracted,10.69,7.41,No,3,Target,Communication,Attracted
FLUS_RU,W,NNS3,RU,尊重,Attracted,0.78,1.85,Yes,3,Recipient,Manner,Repelled
SNY_KZ,W,NNS3,TK,要求,Attracted,1.06,0.00,No,2,Theme,Psych,Attracted
ZSYI_TH,W,NNS3,TH,讲,Attracted,5.51,11.12,No,2,Target,Communication,Attracted
ZFH_TH,S,NNS3,TH,说,Attracted,105.53,385.55,No,1,Target,Communication,Attracted
XYY_TH,S,NNS3,TH,说,Attracted,105.53,385.55,No,1,Target,Communication,Attracted
ZYJ_TH,S,NNS3,TH,说,Attracted,105.53,385.55,No,1,Target,Communication,Attracted
HH_SD,S,NNS3,AR,说,Attracted,105.53,385.55,No,1,Target,Communication,Attracted
HH_SD,S,NNS3,AR,说,Attracted,105.53,385.55,No,1,Target,Communication,Attracted
HH_SD,S,NNS3,AR,说,Attracted,105.53,385.55,No,1,Target,Communication,Attracted
QS_US,W,NNS3,EN,说,Attracted,105.53,385.55,No,1,Target,Communication,Attracted
LZHY_KR,W,NNS3,KR,说,Attracted,105.53,385.55,No,1,Target,Communication,Attracted
LZHY_KR,W,NNS3,KR,说,Attracted,105.53,385.55,No,1,Target,Communication,Attracted
JDHN_KR,W,NNS3,KR,说,Attracted,105.53,385.55,No,1,Target,Communication,Attracted
JDHN_KR,W,NNS3,KR,说,Attracted,105.53,385.55,No,1,Target,Communication,Attracted
JNX_KR,W,NNS3,KR,说,Attracted,105.53,385.55,No,1,Target,Communication,Attracted
LWC_TH,W,NNS3,TH,说,Attracted,105.53,385.55,No,1,Target,Communication,Attracted
HYW_TH,W,NNS3,TH,说,Attracted,105.53,385.55,No,1,Target,Communication,Attracted
MCWX_JP,W,NNS3,JP,说,Attracted,105.53,385.55,No,1,Target,Communication,Attracted
ZXW_KR,W,NNS3,KR,说,Attracted,105.53,385.55,No,1,Target,Communication,Attracted
ZXW_KR,W,NNS3,KR,说,Attracted,105.53,385.55,No,1,Target,Communication,Attracted
ZXW_KR,W,NNS3,KR,说,Attracted,105.53,385.55,No,1,Target,Communication,Attracted
JYS_KR,W,NNS3,KR,说,Attracted,105.53,385.55,No,1,Target,Communication,Attracted
SJNS_JP,W,NNS3,JP,说,Attracted,105.53,385.55,No,1,Target,Communication,Attracted
SJNS_JP,W,NNS3,JP,说,Attracted,105.53,385.55,No,1,Target,Communication,Attracted
JML_KR,W,NNS3,KR,说,Attracted,105.53,385.55,No,1,Target,Communication,Attracted
JZHX_KR,W,NNS3,KR,说,Attracted,105.53,385.55,No,1,Target,Communication,Attracted
TYSR_JP,W,NNS3,JP,说,Attracted,105.53,385.55,No,1,Target,Communication,Attracted
TYSR_JP,W,NNS3,JP,说,Attracted,105.53,385.55,No,1,Target,Communication,Attracted
TYSR_JP,W,NNS3,JP,说,Attracted,105.53,385.55,No,1,Target,Communication,Attracted
KME_UZ,W,NNS3,TK,说,Attracted,105.53,385.55,No,1,Target,Communication,Attracted
JMT_KR,W,NNS3,KR,说,Attracted,105.53,385.55,No,1,Target,Communication,Attracted
AM_GN,W,NNS3,EN,说,Attracted,105.53,385.55,No,1,Target,Communication,Attracted
AM_GN,W,NNS3,EN,说,Attracted,105.53,385.55,No,1,Target,Communication,Attracted
JJB_KR,W,NNS3,KR,说,Attracted,105.53,385.55,No,1,Target,Communication,Attracted
LY_SK,W,NNS3,Other,说,Attracted,105.53,385.55,No,1,Target,Communication,Attracted
QYX_KR,W,NNS3,KR,说,Attracted,105.53,385.55,No,1,Target,Communication,Attracted
CLB_TH,W,NNS3,TH,说,Attracted,105.53,385.55,No,1,Target,Communication,Attracted
XMX_KR,W,NNS3,KR,说,Attracted,105.53,385.55,No,1,Target,Communication,Attracted
SMR_TH,W,NNS3,TH,说,Attracted,105.53,385.55,No,1,Target,Communication,Attracted
ZYK_VE,W,NNS3,ES,说,Attracted,105.53,385.55,No,1,Target,Communication,Attracted
ALU_KG,W,NNS3,TK,说,Attracted,105.53,385.55,No,1,Target,Communication,Attracted
AJX_KR,W,NNS3,KR,说,Attracted,105.53,385.55,No,1,Target,Communication,Attracted
ZML_TH,W,NNS3,TH,说,Attracted,105.53,385.55,No,1,Target,Communication,Attracted
DBL_BF,S,NNS3,FR,说,Attracted,105.53,385.55,No,1,Target,Communication,Attracted
JZHX_KR,W,NNS3,KR,说,Attracted,105.53,385.55,No,1,Target,Communication,Attracted
WCG_TH,W,NNS3,TH,负,Attracted,6.59,7.41,Yes,3,Scope,Functional,Attracted
CLB_TH,W,NNS3,TH,过分,Repelled,0.04,0.00,Yes,5,Recipient,Manner,Repelled
LDYU_KR,W,NNS3,KR,过奖,Attracted,0.01,0.00,Yes,5,Target,Communication,Repelled
JYS_KR,W,NNS3,KR,这样,Repelled,0.09,1.85,Yes,1,Recipient,Manner,Repelled
WLN_KZ,W,NNS3,TK,进行,Attracted,55.76,37.07,Yes,5,Scope,Functional,Attracted
DFH_TH,W,NNS3,TH,进行,Attracted,55.76,37.07,Yes,5,Scope,Functional,Attracted
NE_KZ,S,NNS3,TK,适应,Repelled,0.18,1.85,Yes,3,Stimulus,Psych,Attracted
XMX_KR,W,NNS3,KR,造成,Attracted,5.65,7.41,Yes,4,Concerned,Functional,Attracted
LWC_TH,W,NNS3,TH,道歉,Attracted,0.22,0.00,No,3,Target,Communication,Repelled
YYQH_JP,S,NNS3,JP,合适,Repelled,0.08,0.00,No,3,Concerned,Attribute,Repelled
LRY_KR,S,NNS3,KR,合适,Repelled,0.08,0.00,No,3,Concerned,Attribute,Repelled
RHF_VN,W,NNS3,VN,合适,Repelled,0.08,0.00,No,3,Concerned,Attribute,Repelled
ABR_UZ,W,NNS3,TK,合适,Repelled,0.08,0.00,No,3,Concerned,Attribute,Repelled
WJL_VE,W,NNS3,ES,合适,Repelled,0.08,0.00,No,3,Concerned,Attribute,Repelled
JBY_KR,W,NNS3,KR,合适,Repelled,0.08,0.00,No,3,Concerned,Attribute,Repelled
QYX_KR,W,NNS3,KR,好,Repelled,1.20,5.56,Yes,1,Recipient,Manner,Repelled
BL_CL,S,NNS3,ES,是,Attracted,6.62,18.54,Yes,1,Concerned,Functional,Repelled
JJB_KR,S,NNS3,KR,是,Attracted,6.62,18.54,Yes,1,Concerned,Functional,Repelled
NSJ_RU,S,NNS3,RU,是,Attracted,6.62,18.54,Yes,1,Concerned,Functional,Repelled
JMT_KR,W,NNS3,KR,是,Attracted,6.62,18.54,Yes,1,Concerned,Functional,Repelled
XMX_KR,W,NNS3,KR,是,Attracted,6.62,18.54,Yes,1,Concerned,Functional,Repelled
FLS_RU,W,NNS3,RU,是,Attracted,6.62,18.54,Yes,1,Concerned,Functional,Repelled
HPL_TH,W,NNS3,TH,是,Attracted,6.62,18.54,Yes,1,Concerned,Functional,Repelled
LXQ_ID,W,NNS3,Other,有,Attracted,19.49,87.12,Yes,1,Concerned,Functional,Attracted
SHL_TH,W,NNS3,TH,有,Attracted,19.49,87.12,Yes,1,Concerned,Functional,Attracted
HSHU_ID,W,NNS3,Other,有,Attracted,19.49,87.12,Yes,1,Concerned,Functional,Attracted
SNME_KR,W,NNS3,KR,有,Attracted,19.49,87.12,Yes,1,Concerned,Functional,Attracted
WPY_VN,W,NNS3,VN,是,Attracted,6.62,18.54,Yes,1,Concerned,Functional,Repelled
YK_TR,W,NNS3,TK,没用,Attracted,0.17,1.85,No,1,Concerned,Attribute,Attracted
TLL_UA,W,NNS3,Other,是,Attracted,6.62,18.54,Yes,1,Concerned,Functional,Repelled
LJ_RU,W,NNS3,RU,简单,Repelled,0.01,0.00,Yes,2,Concerned,Attribute,Repelled
ZSYA_TH,W,NNS3,TH,重要,Repelled,0.72,9.27,Yes,2,Concerned,Attribute,Attracted
WHY_TH,W,NNS3,TH,重要,Repelled,0.72,9.27,Yes,2,Concerned,Attribute,Attracted
LHL_ID,W,NNS3,Other,一无所知,Attracted,0.45,0.00,No,6,Theme,Psych,Repelled
LHL_ID,S,NNS3,Other,了解,Attracted,3.19,12.98,Yes,2,Theme,Psych,Attracted
CAMLG_TH,S,NNS3,TH,了解,Attracted,3.19,12.98,Yes,2,Theme,Psych,Attracted
PWL_AU,W,NNS3,EN,了解,Attracted,3.19,12.98,Yes,2,Theme,Psych,Attracted
KELA_PE,W,NNS3,ES,了解,Attracted,3.19,12.98,Yes,2,Theme,Psych,Attracted
ZHX_VE,W,NNS3,ES,了解,Attracted,3.19,12.98,Yes,2,Theme,Psych,Attracted
JBLU_KR,W,NNS3,KR,了解,Attracted,3.19,12.98,Yes,2,Theme,Psych,Attracted
CQH_VN,W,NNS3,VN,产生,Attracted,4.05,9.27,Yes,4,Concerned,Functional,Attracted
YENY_KZ,W,NNS3,TK,产生,Attracted,4.05,9.27,Yes,4,Concerned,Functional,Attracted
JXX_KR,W,NNS3,KR,产生,Attracted,4.05,9.27,Yes,4,Concerned,Functional,Attracted
JMZJ_KR,W,NNS3,KR,产生,Attracted,4.05,9.27,Yes,4,Concerned,Functional,Attracted
DFH_TH,W,NNS3,TH,产生,Attracted,9.09,20.39,Yes,4,Stimulus,Psych,Attracted
ANA_RU,W,NNS3,RU,充满,Attracted,4.30,7.41,Yes,4,Theme,Functional,Attracted
TMEW_UZ,W,NNS3,TK,充满,Attracted,4.30,7.41,Yes,4,Theme,Functional,Attracted
ALFA_YE,W,NNS3,AR,充满,Attracted,4.30,7.41,Yes,4,Theme,Functional,Attracted
YLN_RU,W,NNS3,RU,失去,Attracted,1.50,3.71,Yes,4,Stimulus,Functional,Attracted
JZHX_KR,S,NNS3,KR,好,Repelled,0.02,0.00,Yes,1,Concerned,Attribute,Repelled
AYD_KG,S,NNS3,TK,好,Repelled,0.02,0.00,Yes,1,Concerned,Attribute,Repelled
DJM_KR,S,NNS3,KR,好,Repelled,0.02,0.00,Yes,1,Concerned,Attribute,Repelled
BL_CL,S,NNS3,ES,好,Repelled,0.02,0.00,Yes,1,Concerned,Attribute,Repelled
DL_TG,S,NNS3,EN,好,Repelled,0.02,0.00,Yes,1,Concerned,Attribute,Repelled
NE_KZ,S,NNS3,TK,好,Repelled,0.02,0.00,Yes,1,Concerned,Attribute,Repelled
DFH_TH,S,NNS3,TH,好,Repelled,0.02,0.00,Yes,1,Concerned,Attribute,Repelled
HTYJ_JP,S,NNS3,JP,好,Repelled,0.02,0.00,Yes,1,Concerned,Attribute,Repelled
XLNS_JP,S,NNS3,JP,好,Repelled,0.02,0.00,Yes,1,Concerned,Attribute,Repelled
GQ_TJ,S,NNS3,Other,好,Repelled,0.02,0.00,Yes,1,Concerned,Attribute,Repelled
GQ_TJ,S,NNS3,Other,好,Repelled,0.02,0.00,Yes,1,Concerned,Attribute,Repelled
QSQ_KR,W,NNS3,KR,好,Repelled,0.02,0.00,Yes,1,Concerned,Attribute,Repelled
QSQ_KR,W,NNS3,KR,好,Repelled,0.02,0.00,Yes,1,Concerned,Attribute,Repelled
JZHX_KR,W,NNS3,KR,好,Repelled,0.02,0.00,Yes,1,Concerned,Attribute,Repelled
ZYJA_TH,W,NNS3,TH,好,Repelled,0.02,0.00,Yes,1,Concerned,Attribute,Repelled
JCXI_KR,W,NNS3,KR,好,Repelled,0.02,0.00,Yes,1,Concerned,Attribute,Repelled
LQQ_TH,W,NNS3,TH,是,Attracted,6.62,18.54,Yes,1,Concerned,Functional,Repelled
DLY_RU,W,NNS3,RU,存在,Attracted,0.69,0.00,Yes,4,Theme,Functional,Repelled
HPL_TH,W,NNS3,TH,实行,Attracted,5.76,0.00,Yes,5,Scope,Functional,Repelled
QJY_KR,S,NNS3,KR,容易,Repelled,0.02,0.00,Yes,2,Concerned,Attribute,Repelled
HH_SD,S,NNS3,AR,影响,Attracted,1.22,11.12,Yes,2,Concerned,Functional,Attracted
LWP_TH,W,NNS3,TH,影响,Attracted,1.22,11.12,Yes,2,Concerned,Functional,Attracted
LK_FR,W,NNS3,FR,影响,Attracted,1.22,11.12,Yes,2,Concerned,Functional,Attracted
ZCY_KR,W,NNS3,KR,影响,Attracted,1.22,11.12,Yes,2,Concerned,Functional,Attracted
ZCY_KR,W,NNS3,KR,亲切,Attracted,0.08,1.85,Yes,2,Recipient,Manner,Attracted
QAL_KZ,W,NNS3,TK,念念不忘,Attracted,0.05,0.00,Yes,6,Stimulus,Psych,Repelled
JBLU_KR,W,NNS3,KR,想,Repelled,0.40,0.00,No,1,Theme,Psych,Repelled
GSJ_TH,S,NNS3,TH,感,Attracted,1.84,53.75,Yes,2,Stimulus,Psych,Attracted
GSJ_TH,S,NNS3,TH,感,Attracted,1.84,53.75,Yes,2,Stimulus,Psych,Attracted
YYQH_JP,S,NNS3,JP,感,Attracted,1.84,53.75,Yes,2,Stimulus,Psych,Attracted
MQH_VN,W,NNS3,VN,感,Attracted,1.84,53.75,Yes,2,Stimulus,Psych,Attracted
WLN_KZ,W,NNS3,TK,感,Attracted,1.84,53.75,Yes,2,Stimulus,Psych,Attracted
YENY_KZ,W,NNS3,TK,感,Attracted,1.84,53.75,Yes,2,Stimulus,Psych,Attracted
ZZ_KZ,W,NNS3,TK,感,Attracted,1.84,53.75,Yes,2,Stimulus,Psych,Attracted
XIW_RU,W,NNS3,RU,感,Attracted,1.84,53.75,Yes,2,Stimulus,Psych,Attracted
ZJM_IR,W,NNS3,Other,感,Attracted,1.84,53.75,Yes,2,Stimulus,Psych,Attracted
DAJM_RU,W,NNS3,RU,感,Attracted,1.84,53.75,Yes,2,Stimulus,Psych,Attracted
FSHY_VN,W,NNS3,VN,感,Attracted,1.84,53.75,Yes,2,Stimulus,Psych,Attracted
MQH_VN,W,NNS3,VN,感,Attracted,1.84,53.75,Yes,2,Stimulus,Psych,Attracted
CGL_MG,W,NNS3,Other,感,Attracted,1.84,53.75,Yes,2,Stimulus,Psych,Attracted
DLST_UZ,W,NNS3,TK,感,Attracted,1.84,53.75,Yes,2,Stimulus,Psych,Attracted
DLST_UZ,W,NNS3,TK,感,Attracted,1.84,53.75,Yes,2,Stimulus,Psych,Attracted
HANL_KZ,W,NNS3,TK,感,Attracted,1.84,53.75,Yes,2,Stimulus,Psych,Attracted
QS_US,W,NNS3,EN,感,Attracted,1.84,53.75,Yes,2,Stimulus,Psych,Attracted
WHY_TH,W,NNS3,TH,感,Attracted,1.84,53.75,Yes,2,Stimulus,Psych,Attracted
YLYA_RU,W,NNS3,RU,感,Attracted,1.84,53.75,Yes,2,Stimulus,Psych,Attracted
LUJ_PA,W,NNS3,ES,感,Attracted,1.84,53.75,Yes,2,Stimulus,Psych,Attracted
FSHY_VN,W,NNS3,VN,感,Attracted,1.84,53.75,Yes,2,Stimulus,Psych,Attracted
LUJ_PA,W,NNS3,ES,感,Attracted,1.84,53.75,Yes,2,Stimulus,Psych,Attracted
RYQ_VN,W,NNS3,VN,感,Attracted,1.84,53.75,Yes,2,Stimulus,Psych,Attracted
RYQ_VN,W,NNS3,VN,感,Attracted,1.84,53.75,Yes,2,Stimulus,Psych,Attracted
ZLB_RU,W,NNS3,RU,感,Attracted,1.84,53.75,Yes,2,Stimulus,Psych,Attracted
LYN_RU,W,NNS3,RU,感,Attracted,1.84,53.75,Yes,2,Stimulus,Psych,Attracted
HSHU_ID,W,NNS3,Other,感,Attracted,1.84,53.75,Yes,2,Stimulus,Psych,Attracted
HSHU_ID,W,NNS3,Other,感,Attracted,1.84,53.75,Yes,2,Stimulus,Psych,Attracted
JMZJ_KR,W,NNS3,KR,感,Attracted,1.84,53.75,Yes,2,Stimulus,Psych,Attracted
MCWX_JP,W,NNS3,JP,感,Attracted,1.84,53.75,Yes,2,Stimulus,Psych,Attracted
CRHU_KR,W,NNS3,KR,感,Attracted,1.84,53.75,Yes,2,Stimulus,Psych,Attracted
TMEH_KZ,W,NNS3,TK,感,Attracted,1.84,53.75,Yes,2,Stimulus,Psych,Attracted
YTQZ_JP,W,NNS3,JP,感,Attracted,1.84,53.75,Yes,2,Stimulus,Psych,Attracted
KELA_PE,W,NNS3,ES,感,Attracted,1.84,53.75,Yes,2,Stimulus,Psych,Attracted
DOJM_KR,W,NNS3,KR,感,Attracted,1.84,53.75,Yes,2,Stimulus,Psych,Attracted
FSHY_VN,W,NNS3,VN,感,Attracted,1.84,53.75,Yes,2,Stimulus,Psych,Attracted
WLN_KZ,W,NNS3,TK,感,Attracted,1.84,53.75,Yes,2,Stimulus,Psych,Attracted
HSMH_JP,W,NNS3,JP,感,Attracted,1.84,53.75,Yes,2,Stimulus,Psych,Attracted
QAL_KZ,W,NNS3,TK,感,Attracted,1.84,53.75,Yes,2,Stimulus,Psych,Attracted
WPY_VN,W,NNS3,VN,感,Attracted,1.84,53.75,Yes,2,Stimulus,Psych,Attracted
WWY_VN,W,NNS3,VN,感,Attracted,1.84,53.75,Yes,2,Stimulus,Psych,Attracted
ZJM_IR,W,NNS3,Other,感,Attracted,1.84,53.75,Yes,2,Stimulus,Psych,Attracted
JBLU_KR,W,NNS3,KR,感,Attracted,1.84,53.75,Yes,2,Stimulus,Psych,Attracted
JBLU_KR,W,NNS3,KR,感,Attracted,1.84,53.75,Yes,2,Stimulus,Psych,Attracted
LMHU_BR,W,NNS3,PT,感,Attracted,1.84,53.75,Yes,2,Stimulus,Psych,Attracted
LK_FR,W,NNS3,FR,感,Attracted,1.84,53.75,Yes,2,Stimulus,Psych,Attracted
GB_MX,W,NNS3,ES,感,Attracted,1.84,53.75,Yes,2,Stimulus,Psych,Attracted
GB_MX,W,NNS3,ES,感,Attracted,1.84,53.75,Yes,2,Stimulus,Psych,Attracted
YLN_RU,W,NNS3,RU,感,Attracted,1.84,53.75,Yes,2,Stimulus,Psych,Attracted
JBLU_KR,W,NNS3,KR,感,Attracted,1.84,53.75,Yes,2,Stimulus,Psych,Attracted
JML_KR,W,NNS3,KR,感,Attracted,1.84,53.75,Yes,2,Stimulus,Psych,Attracted
MQH_VN,W,NNS3,VN,感到,Attracted,11.04,5.56,Yes,2,Stimulus,Psych,Repelled
YLN_RU,W,NNS3,RU,感到,Attracted,11.04,5.56,Yes,2,Stimulus,Psych,Repelled
PWL_AU,W,NNS3,EN,感到,Attracted,11.04,5.56,Yes,2,Stimulus,Psych,Repelled
HJQ_TH,W,NNS3,TH,感到,Attracted,11.04,5.56,Yes,2,Stimulus,Psych,Repelled
YLN_RU,W,NNS3,RU,感到,Attracted,11.04,5.56,Yes,2,Stimulus,Psych,Repelled
KME_UZ,W,NNS3,TK,打折,Repelled,0.00,0.00,No,6,Scope,Social,Repelled
FZLD_UZ,W,NNS3,TK,提出,Attracted,5.05,0.00,No,6,Theme,Communication,Repelled
KJ_RU,W,NNS3,RU,敏感,Attracted,0.27,1.85,Yes,4,Stimulus,Psych,Attracted
MLT_TJ,W,NNS3,Other,是,Attracted,6.62,18.54,Yes,1,Concerned,Functional,Repelled
LY_SK,W,NNS3,Other,是,Attracted,6.62,18.54,Yes,1,Scope,Functional,Repelled
AYD_KG,S,NNS3,TK,有,Attracted,4.49,77.85,Yes,1,Stimulus,Functional,Attracted
DJM_KR,S,NNS3,KR,有,Attracted,19.49,87.12,Yes,1,Concerned,Functional,Attracted
DBL_BF,S,NNS3,FR,有,Attracted,4.49,77.85,Yes,1,Stimulus,Functional,Attracted
BAOLUO_CL,S,NNS3,ES,有,Attracted,19.49,87.12,Yes,1,Concerned,Functional,Attracted
HH_SD,S,NNS3,AR,有,Attracted,39.77,61.17,Yes,1,Theme,Functional,Attracted
LDYU_KR,W,NNS3,KR,有,Attracted,4.49,77.85,Yes,1,Stimulus,Functional,Attracted
AM_GN,W,NNS3,EN,有,Attracted,4.49,77.85,Yes,1,Stimulus,Functional,Attracted
CYJ_KR,W,NNS3,KR,有,Attracted,4.49,77.85,Yes,1,Stimulus,Functional,Attracted
HJY_JP,W,NNS3,JP,有,Attracted,4.49,77.85,Yes,1,Stimulus,Functional,Attracted
LHL_ID,W,NNS3,Other,有,Attracted,4.49,77.85,Yes,1,Stimulus,Functional,Attracted
ADY_SE,W,NNS3,Other,有,Attracted,4.49,77.85,Yes,1,Stimulus,Functional,Attracted
YLYA_RU,W,NNS3,RU,有,Attracted,4.49,77.85,Yes,1,Stimulus,Functional,Attracted
CLY_KR,W,NNS3,KR,有,Attracted,4.49,77.85,Yes,1,Stimulus,Functional,Attracted
KLN_RU,W,NNS3,RU,有,Attracted,4.49,77.85,Yes,1,Stimulus,Functional,Attracted
FZLD_UZ,W,NNS3,TK,有,Attracted,4.49,77.85,Yes,1,Stimulus,Functional,Attracted
AJX_KR,W,NNS3,KR,有,Attracted,4.49,77.85,Yes,1,Stimulus,Functional,Attracted
CGL_MG,W,NNS3,Other,有,Attracted,4.49,77.85,Yes,1,Stimulus,Functional,Attracted
LDYU_KR,W,NNS3,KR,有,Attracted,4.49,77.85,Yes,1,Stimulus,Functional,Attracted
JXY_KR,S,NNS3,KR,有,Attracted,4.49,77.85,Yes,1,Stimulus,Functional,Attracted
TLL_UA,S,NNS3,Other,有,Attracted,4.49,77.85,Yes,1,Stimulus,Functional,Attracted
ADY_SE,S,NNS3,Other,有,Attracted,4.49,77.85,Yes,1,Stimulus,Functional,Attracted
CGL_MG,S,NNS3,Other,有,Attracted,4.49,77.85,Yes,1,Stimulus,Functional,Attracted
YLN_RU,W,NNS3,RU,有,Attracted,4.49,77.85,Yes,1,Stimulus,Functional,Attracted
NG_KZ,W,NNS3,TK,有,Attracted,4.49,77.85,Yes,1,Stimulus,Functional,Attracted
SSH_KZ,W,NNS3,TK,有,Attracted,4.49,77.85,Yes,1,Stimulus,Functional,Attracted
JDHN_KR,W,NNS3,KR,有,Attracted,4.49,77.85,Yes,1,Stimulus,Functional,Attracted
MCWX_JP,W,NNS3,JP,有,Attracted,4.49,77.85,Yes,1,Stimulus,Functional,Attracted
MYS_BR,W,NNS3,PT,有,Attracted,4.49,77.85,Yes,1,Stimulus,Functional,Attracted
ZEH_KR,W,NNS3,KR,有,Attracted,4.49,77.85,Yes,1,Stimulus,Functional,Attracted
KLN_RU,W,NNS3,RU,有,Attracted,4.49,77.85,Yes,1,Stimulus,Functional,Attracted
ZZ_KZ,W,NNS3,TK,有,Attracted,4.49,77.85,Yes,1,Stimulus,Functional,Attracted
RJF_VN,W,NNS3,VN,有,Attracted,4.49,77.85,Yes,1,Stimulus,Functional,Attracted
ZHX_VE,W,NNS3,ES,有,Attracted,4.49,77.85,Yes,1,Stimulus,Functional,Attracted
ZHX_VE,W,NNS3,ES,有,Attracted,4.49,77.85,Yes,1,Stimulus,Functional,Attracted
ZYK_VE,W,NNS3,ES,有,Attracted,4.49,77.85,Yes,1,Stimulus,Functional,Attracted
YESE_KZ,W,NNS3,TK,有,Attracted,4.49,77.85,Yes,1,Stimulus,Functional,Attracted
HSMH_JP,W,NNS3,JP,有,Attracted,4.49,77.85,Yes,1,Stimulus,Functional,Attracted
HH_SD,S,NNS3,AR,有,Attracted,19.49,87.12,Yes,1,Concerned,Functional,Attracted
FZLD_UZ,W,NNS3,TK,有,Attracted,19.49,87.12,Yes,1,Concerned,Functional,Attracted
ASL_KZ,W,NNS3,TK,有,Attracted,4.49,77.85,Yes,1,Stimulus,Functional,Attracted
JBLU_KR,W,NNS3,KR,有,Attracted,4.49,77.85,Yes,1,Stimulus,Functional,Attracted
LSJ_KR,S,NNS3,KR,有,Attracted,19.49,87.12,Yes,1,Concerned,Functional,Attracted
KAL_PE,S,NNS3,ES,有,Attracted,19.49,87.12,Yes,1,Concerned,Functional,Attracted
HH_SD,S,NNS3,AR,有,Attracted,19.49,87.12,Yes,1,Concerned,Functional,Attracted
ALU_KG,W,NNS3,TK,有,Attracted,19.49,87.12,Yes,1,Concerned,Functional,Attracted
XEY_MM,W,NNS3,Other,有,Attracted,19.49,87.12,Yes,1,Concerned,Functional,Attracted
HJQ_TH,W,NNS3,TH,有,Attracted,19.49,87.12,Yes,1,Concerned,Functional,Attracted
ZCY_KR,S,NNS3,KR,有,Attracted,4.49,77.85,Yes,1,Stimulus,Functional,Attracted
ZCY_KR,S,NNS3,KR,有,Attracted,4.49,77.85,Yes,1,Stimulus,Functional,Attracted
LHL_ID,W,NNS3,Other,有,Attracted,19.49,87.12,Yes,1,Concerned,Functional,Attracted
YAL_KZ,W,NNS3,TK,有,Attracted,19.49,87.12,Yes,1,Concerned,Functional,Attracted
LJ_RU,S,NNS3,RU,有,Attracted,19.49,87.12,Yes,1,Concerned,Functional,Attracted
ZSD_RU,W,NNS3,RU,有,Attracted,19.49,87.12,Yes,1,Concerned,Functional,Attracted
ZSY_TH,W,NNS3,TH,有,Attracted,19.49,87.12,Yes,1,Concerned,Functional,Attracted
DBL_BF,W,NNS3,FR,有,Attracted,19.49,87.12,Yes,1,Concerned,Functional,Attracted
GB_MX,W,NNS3,ES,有,Attracted,19.49,87.12,Yes,1,Concerned,Functional,Attracted
DBL_BF,S,NNS3,FR,有,Attracted,4.49,77.85,Yes,1,Stimulus,Functional,Attracted
ALX_KZ,W,NNS3,TK,有,Attracted,19.49,87.12,Yes,1,Concerned,Functional,Attracted
JIN_RU,W,NNS3,RU,有,Attracted,19.49,87.12,Yes,1,Concerned,Functional,Attracted
PWL_AU,W,NNS3,EN,有,Attracted,4.49,77.85,Yes,1,Stimulus,Functional,Attracted
SXX_KR,W,NNS3,KR,有,Attracted,4.49,77.85,Yes,1,Stimulus,Functional,Attracted
YAL_KZ,W,NNS3,TK,有,Attracted,39.77,61.17,Yes,1,Theme,Functional,Attracted
JBLU_KR,W,NNS3,KR,有,Attracted,39.77,61.17,Yes,1,Theme,Functional,Attracted
WGT_LT,S,NNS3,Other,有,Attracted,39.77,61.17,Yes,1,Theme,Functional,Attracted
BJDG_JP,S,NNS3,JP,有,Attracted,4.49,77.85,Yes,1,Stimulus,Functional,Attracted
JML_KR,S,NNS3,KR,有,Attracted,4.49,77.85,Yes,1,Stimulus,Functional,Attracted
LYN_RU,W,NNS3,RU,有,Attracted,39.77,61.17,Yes,1,Theme,Functional,Attracted
DLY_RU,W,NNS3,RU,有,Attracted,39.77,61.17,Yes,1,Theme,Functional,Attracted
JXY_KR,S,NNS3,KR,满意,Attracted,2.71,25.95,Yes,2,Stimulus,Psych,Attracted
WGT_LT,S,NNS3,Other,满意,Attracted,2.71,25.95,Yes,2,Stimulus,Psych,Attracted
YESE_KZ,W,NNS3,TK,满意,Attracted,2.71,25.95,Yes,2,Stimulus,Psych,Attracted
ASL_KZ,W,NNS3,TK,满意,Attracted,2.71,25.95,Yes,2,Stimulus,Psych,Attracted
SNME_KR,W,NNS3,KR,满足,Attracted,0.12,0.00,Yes,4,Stimulus,Psych,Repelled
WSNA_KR,W,NNS3,KR,烂熟于心,Repelled,0,0,Yes,6,Theme,Psych,Repelled
LJW_VE,W,NNS3,ES,熟悉,Attracted,1.98,5.56,Yes,3,Theme,Psych,Attracted
HPL_TH,W,NNS3,TH,熟悉,Attracted,1.98,5.56,Yes,3,Theme,Psych,Attracted
ZXLI_TH,W,NNS3,TH,熟悉,Attracted,1.98,5.56,Yes,3,Theme,Psych,Attracted
FSHY_VN,W,NNS3,VN,熟悉,Attracted,1.98,5.56,Yes,3,Theme,Psych,Attracted
XMX_KR,W,NNS3,KR,熟悉,Attracted,1.98,5.56,Yes,3,Theme,Psych,Attracted
MLK_KG,W,NNS3,TK,熟悉,Attracted,1.98,5.56,Yes,3,Theme,Psych,Attracted
LYL_KR,S,NNS3,KR,理解,Attracted,0.65,16.68,No,3,Theme,Psych,Repelled
LY_SK,W,NNS3,Other,理解,Attracted,0.65,16.68,No,3,Theme,Psych,Repelled
WHY_TH,W,NNS3,TH,理解,Attracted,0.65,16.68,No,3,Theme,Psych,Repelled
FSHY_VN,W,NNS3,VN,留下,Attracted,0.33,0.00,No,6,Stimulus,Functional,Repelled
QYX_KR,S,NNS3,KR,相信,Repelled,0.21,0.00,No,2,Theme,Psych,Repelled
QYX_KR,S,NNS3,KR,相信,Repelled,0.21,0.00,No,2,Theme,Psych,Repelled
FZLD_UZ,W,NNS3,TK,知道,Repelled,0.82,1.85,No,1,Theme,Psych,Repelled
AJX_KR,W,NNS3,KR,知道,Repelled,0.82,1.85,No,1,Theme,Psych,Repelled
AJ_KZ,W,NNS3,TK,糊涂,Repelled,0.01,0.00,No,4,Theme,Psych,Repelled
WHY_TH,W,NNS3,TH,自豪,Repelled,0.03,0.00,Yes,4,Stimulus,Psych,Repelled
YLN_RU,W,NNS3,RU,茫然,Repelled,0.02,0.00,No,6,Stimulus,Psych,Repelled
XEY_MM,W,NNS3,Other,表示,Attracted,10.69,7.41,No,3,Theme,Communication,Attracted
PWL_AU,W,NNS3,EN,觉得,Repelled,0.64,0.00,No,1,Stimulus,Psych,Repelled
MCWX_JP,W,NNS3,JP,负,Attracted,6.59,7.41,Yes,3,Scope,Functional,Attracted
ZXW_KR,W,NNS3,KR,负,Attracted,6.59,7.41,Yes,3,Scope,Functional,Attracted
CFX_TH,W,NNS3,TH,负,Attracted,6.59,7.41,Yes,3,Scope,Functional,Attracted
ZCS_TH,W,NNS3,TH,负,Attracted,6.59,7.41,Yes,3,Scope,Functional,Attracted
CAMLG_TH,W,NNS3,TH,赞同,Attracted,0.10,0.00,Yes,4,Theme,Psych,Repelled
JXZI_KR,W,NNS3,KR,重要,Repelled,0.72,9.27,Yes,2,Concerned,Attribute,Attracted
FSHY_VN,W,NNS3,VN,陌生,Attracted,0.23,0.00,Yes,4,Theme,Psych,Repelled
CSXQ_VN,W,NNS3,VN,陌生,Attracted,0.23,0.00,Yes,4,Theme,Psych,Repelled
QAL_KZ,W,NNS3,TK,难,Repelled,0.02,0.00,No,2,Concerned,Attribute,Repelled
DLY_RU,W,NNS3,RU,忘怀,Attracted,0.08,0.00,Yes,6,Stimulus,Psych,Repelled
DLY_RU,W,NNS3,RU,忘怀,Attracted,0.08,0.00,Yes,6,Stimulus,Psych,Repelled
ZSYA_TH,W,NNS3,TH,骄傲,Repelled,0.02,0.00,Yes,3,Stimulus,Psych,Repelled